Symbole;Type de l'article;Designation  Abrégée;UG RT;Libellé UG RT;UG GR;Libellé UG GR;NPA (O/N);Unité Stock;Code Distribution réservée
00132717;V;CARNETETIQUETTES ACCES INTERDI;08542;A-DDAP-PEC MOBILIER;05199;INFRALOG SY NON GERE;N;BLOC;68
00133331;V;ETIQUETTE IS ISOLEMENT FREIN;08542;A-DDAP-PEC MOBILIER;05199;INFRALOG SY NON GERE;N;PIECE;68
00133332;V;CARNET ETIQUETTES FREIN ISOLE;08542;A-DDAP-PEC MOBILIER;05199;INFRALOG SY NON GERE;N;PIECE;68
00133555;V;ETIQUETTES IN;08542;A-DDAP-PEC MOBILIER;05199;INFRALOG SY NON GERE;N;BLOC;68
00178327;V;ETIQUETTE;02160;MT DIVISION MIL;05199;INFRALOG SY NON GERE;N;PIECE;68
00186046;V;FICHE DE MAINT. MODULES A DIOD;53868;IRH/RSP - POLE PTR;53868;IRH/RSP - POLE PTR;N;PIECE;68
00186335;V;PTE : FICHE MISE EN SERVICE;53868;IRH/RSP - POLE PTR;53868;IRH/RSP - POLE PTR;N;UNITE;68
00186762;V;MAINTENANCE DES CABLES ZC03;53868;IRH/RSP - POLE PTR;53868;IRH/RSP - POLE PTR;N;UNITE;68
00189723;V;FICHE ISOLEMENT CIRCUIT;53868;IRH/RSP - POLE PTR;53868;IRH/RSP - POLE PTR;N;UNITE;68
00189724;V;CARNET CONSI ET EXPLOIT;53868;IRH/RSP - POLE PTR;53868;IRH/RSP - POLE PTR;N;UNITE;68
00189726;V;LIVRET DE POSTE ET SST SSE;53868;IRH/RSP - POLE PTR;53868;IRH/RSP - POLE PTR;N;PIECE;68
00189727;V;LIVRET DE GROUPE ELECTROGENE;53868;IRH/RSP - POLE PTR;53868;IRH/RSP - POLE PTR;N;PIECE;68
00189728;V;CARNET EDP (RPTX);05181;INFRALOG AD. DONNEES;05199;INFRALOG SY NON GERE;N;PIECE;68
00189729;V;CARNET EDP (CCH);05181;INFRALOG AD. DONNEES;05199;INFRALOG SY NON GERE;N;PIECE;68
00189731;V;CARNET EDP (AA) LIGNE CLASSIQ;70205;DEP. S - CF - ES;70205;DEP. S - CF - ES;N;PIECE;68
00189732;V;CARNET EDP (AA) LGV;53868;IRH/RSP - POLE PTR;53868;IRH/RSP - POLE PTR;N;PIECE;68
00189740;V;CARNET AMOR N°3;70205;DEP. S - CF - ES;70205;DEP. S - CF - ES;N;PIECE;68
00189741;V;CARNET GEQ SANS TTX (RPTX&CCH);70205;DEP. S - CF - ES;70205;DEP. S - CF - ES;N;PIECE;68
00189742;V;ACCES OUVRAGES & INSTAL ELEC;53868;IRH/RSP - POLE PTR;53868;IRH/RSP - POLE PTR;N;PIECE;68
00189744;V;CARNET MEP DISPO COMP ANNONCE;70205;DEP. S - CF - ES;70205;DEP. S - CF - ES;N;PIECE;68
00189745;V;CARNET AVIS VOIE I R CIRCUL;70205;DEP. S - CF - ES;70205;DEP. S - CF - ES;N;PIECE;68
00189747;V;CARNET DVF EDP PP SANS TTX;70205;DEP. S - CF - ES;70205;DEP. S - CF - ES;N;PIECE;68
00189748;V;CARNET DVF EDP PP AVEC TTX;70205;DEP. S - CF - ES;70205;DEP. S - CF - ES;N;PIECE;68
00189749;V;CARNET DVF MGPT SANS TTX;70205;DEP. S - CF - ES;70205;DEP. S - CF - ES;N;PIECE;68
00189752;V;CARNET AMOR N°1;70205;DEP. S - CF - ES;70205;DEP. S - CF - ES;N;PIECE;68
00189753;V;CARNET AMOR N°2;70205;DEP. S - CF - ES;70205;DEP. S - CF - ES;N;PIECE;68
00189762;V;FICH MAINT CDV UM71 C TVM 300;05410;IG.SF 65;53868;IRH/RSP - POLE PTR;N;PAQUET;68
00189763;V;FICH MAINT CDV UM71 C TVM 430;05410;IG.SF 65;53868;IRH/RSP - POLE PTR;N;PAQUET;68
00189764;V;FICH MAINT CDV UM71 C SEI 430;05410;IG.SF 65;53868;IRH/RSP - POLE PTR;N;PAQUET;68
00189765;V;FICH MAINT CDV UM71 C SEI 300;05410;IG.SF 65;53868;IRH/RSP - POLE PTR;N;PAQUET;68
00189769;V;LIVRET DE SERVICE N°01.;53868;IRH/RSP - POLE PTR;53868;IRH/RSP - POLE PTR;N;UNITE;68
00189770;V;LIVRET DE SERVICE 2;53868;IRH/RSP - POLE PTR;53868;IRH/RSP - POLE PTR;N;PAQUET;68
00189772;V;LIVRET DE SERVICE N°04;53868;IRH/RSP - POLE PTR;53868;IRH/RSP - POLE PTR;N;PAQUET;68
00189773;V;LIVRET DE SERVICE N°03;53868;IRH/RSP - POLE PTR;53868;IRH/RSP - POLE PTR;N;PAQUET;68
00189774;V;LIVRET DE SERVICE N°05;53868;IRH/RSP - POLE PTR;53868;IRH/RSP - POLE PTR;N;PAQUET;68
00189775;V;LIVRET DE SERVICE N°06;53868;IRH/RSP - POLE PTR;53868;IRH/RSP - POLE PTR;N;PAQUET;68
00189776;V;LIVRET DE SERVICE N°07;53868;IRH/RSP - POLE PTR;53868;IRH/RSP - POLE PTR;N;PAQUET;68
00189777;V;LIVRET DE SERVICE N°08;53868;IRH/RSP - POLE PTR;53868;IRH/RSP - POLE PTR;N;PAQUET;68
00189778;V;LIVRET DE SERVICE N°11;53868;IRH/RSP - POLE PTR;53868;IRH/RSP - POLE PTR;N;PAQUET;68
00189779;V;LIVRET DE SERVICE N°12;53868;IRH/RSP - POLE PTR;53868;IRH/RSP - POLE PTR;N;PAQUET;68
00189780;V;LIVRET DE SERVICE N°13;53868;IRH/RSP - POLE PTR;53868;IRH/RSP - POLE PTR;N;UNITE;68
00189781;V;LIVRET DE SERVICE N°14;53868;IRH/RSP - POLE PTR;53868;IRH/RSP - POLE PTR;N;UNITE;68
00189783;V;LIVRET DE SERVICE N°15;53868;IRH/RSP - POLE PTR;53868;IRH/RSP - POLE PTR;N;PAQUET;68
00189784;V;LIVRET DE SERVICE N°16;53868;IRH/RSP - POLE PTR;53868;IRH/RSP - POLE PTR;N;PAQUET;68
00189785;V;LIVRET DE SERVICE N°17;53868;IRH/RSP - POLE PTR;53868;IRH/RSP - POLE PTR;N;PAQUET;68
00189786;V;LIVRET DE SERVICE N°18;53868;IRH/RSP - POLE PTR;53868;IRH/RSP - POLE PTR;N;PAQUET;68
00189787;V;LIVRET DE SERVICE N°21;53868;IRH/RSP - POLE PTR;53868;IRH/RSP - POLE PTR;N;PAQUET;68
00189788;V;LIVRET DE SERVICE N°22;53868;IRH/RSP - POLE PTR;53868;IRH/RSP - POLE PTR;N;PAQUET;68
00189789;V;LIVRET DE SERVICE N°23;53868;IRH/RSP - POLE PTR;53868;IRH/RSP - POLE PTR;N;PAQUET;68
00189790;V;LIVRET DE SERVICE N°24;53868;IRH/RSP - POLE PTR;53868;IRH/RSP - POLE PTR;N;PAQUET;68
00189791;V;LIVRET DE SERVICE N°25;53868;IRH/RSP - POLE PTR;53868;IRH/RSP - POLE PTR;N;PAQUET;68
00189792;V;LIVRET DE SERVICE N°26;53868;IRH/RSP - POLE PTR;53868;IRH/RSP - POLE PTR;N;PAQUET;68
00189793;V;FORMULAIRE AVASS;53868;IRH/RSP - POLE PTR;53868;IRH/RSP - POLE PTR;N;PAQUET;68
00189794;V;FORMULAIRE ORET;53868;IRH/RSP - POLE PTR;53868;IRH/RSP - POLE PTR;N;PAQUET;68
00189795;V;CARTE DMVC;53868;IRH/RSP - POLE PTR;53868;IRH/RSP - POLE PTR;N;PAQUET;68
00189796;V;CARNET D'ETIQUETTES MODELE 0;53868;IRH/RSP - POLE PTR;53868;IRH/RSP - POLE PTR;N;PAQUET;68
00189797;V;PEDALE ELEC M82 BLOC NEG.OR;05410;IG.SF 65;53868;IRH/RSP - POLE PTR;N;PAQUET;68
00189798;V;PEDALE ELEC M82 BLOC POS.SI/OR;05410;IG.SF 65;53868;IRH/RSP - POLE PTR;N;PAQUET;68
00189799;V;CARNET ETIQUETTES MODELE 0;53868;IRH/RSP - POLE PTR;53868;IRH/RSP - POLE PTR;N;PAQUET;68
00189801;V;ETIQUETTES MODELE R1;53868;IRH/RSP - POLE PTR;53868;IRH/RSP - POLE PTR;N;PAQUET;68
00189802;V;CARNET ETIQUETTES MODELE 1;53868;IRH/RSP - POLE PTR;53868;IRH/RSP - POLE PTR;N;PAQUET;68
00189803;V;ETIQUETTES MODELE K;53868;IRH/RSP - POLE PTR;53868;IRH/RSP - POLE PTR;N;PAQUET;68
00189804;V;CARNET ETIQUETTES MODELE M;53868;IRH/RSP - POLE PTR;53868;IRH/RSP - POLE PTR;N;PAQUET;68
00189805;V;ETIQUETTES ACCES INTERDIT;53868;IRH/RSP - POLE PTR;53868;IRH/RSP - POLE PTR;N;PAQUET;68
00189806;V;CARTE ACCES CABINE CONDUITE;53868;IRH/RSP - POLE PTR;53868;IRH/RSP - POLE PTR;N;PAQUET;68
00189811;V;CARNET DVF GPT AVEC TTX;53868;IRH/RSP - POLE PTR;53868;IRH/RSP - POLE PTR;N;PAQUET;68
00189812;V;CARNET DFV FGPT SANS TTX;53868;IRH/RSP - POLE PTR;53868;IRH/RSP - POLE PTR;N;PAQUET;68
00189813;V;CARNET ATN;53868;IRH/RSP - POLE PTR;53868;IRH/RSP - POLE PTR;N;PAQUET;68
00189814;V;CARNET ARS;53868;IRH/RSP - POLE PTR;53868;IRH/RSP - POLE PTR;N;PAQUET;68
00189815;V;CARNET ATITSF;53868;IRH/RSP - POLE PTR;53868;IRH/RSP - POLE PTR;N;PAQUET;68
00189816;V;ACC OPE D'ORDRE ELECTRIQUE EE;53868;IRH/RSP - POLE PTR;53868;IRH/RSP - POLE PTR;N;PAQUET;68
00189817;V;CARNET BC56 DEMANDE PERS;53868;IRH/RSP - POLE PTR;53868;IRH/RSP - POLE PTR;N;PAQUET;68
00189818;V;CARNET BC58 DEMANDE REMA;53868;IRH/RSP - POLE PTR;53868;IRH/RSP - POLE PTR;N;PAQUET;68
00189819;V;CARNET BC59 SIGNALEMENT ANSI;53868;IRH/RSP - POLE PTR;53868;IRH/RSP - POLE PTR;N;PAQUET;68
00189820;V;CARNET IN33 ORDRE ARPI;53868;IRH/RSP - POLE PTR;53868;IRH/RSP - POLE PTR;N;PAQUET;68
00189821;V;CARNET IN39 ORDRE MAIL;53868;IRH/RSP - POLE PTR;53868;IRH/RSP - POLE PTR;N;PAQUET;68
00189822;V;CARNET IN40 ORDRE MEQI;53868;IRH/RSP - POLE PTR;53868;IRH/RSP - POLE PTR;N;PAQUET;68
00189823;V;CARNET IN41 ORDRE OCAR;53868;IRH/RSP - POLE PTR;53868;IRH/RSP - POLE PTR;N;PAQUET;68
00189824;V;CARNET IN42 ORDRE ORET;53868;IRH/RSP - POLE PTR;53868;IRH/RSP - POLE PTR;N;PAQUET;68
00189825;V;CARNET IN43 ORDRE VAIG;53868;IRH/RSP - POLE PTR;53868;IRH/RSP - POLE PTR;N;PAQUET;68
00189826;V;CARNET IN44 ORDRE VECA;53868;IRH/RSP - POLE PTR;53868;IRH/RSP - POLE PTR;N;PAQUET;68
00189827;V;CARNET IN45 ORDRE VEVO;53868;IRH/RSP - POLE PTR;53868;IRH/RSP - POLE PTR;N;PAQUET;68
00189828;V;CARNET IN64 ORDRE MATA;53868;IRH/RSP - POLE PTR;53868;IRH/RSP - POLE PTR;N;PAQUET;68
00189829;V;CARNET IN83 ORDRE RATO;53868;IRH/RSP - POLE PTR;53868;IRH/RSP - POLE PTR;N;PAQUET;68
00189830;V;CARNET IN85 ORDRE VEFE;53868;IRH/RSP - POLE PTR;53868;IRH/RSP - POLE PTR;N;PAQUET;68
00189831;V;CARNET BC65 ORDRE SECO;53868;IRH/RSP - POLE PTR;53868;IRH/RSP - POLE PTR;N;PAQUET;68
00189832;V;OBLIGATION DE RESTER A L'ARRET;53868;IRH/RSP - POLE PTR;53868;IRH/RSP - POLE PTR;N;PAQUET;68
00189833;V;CARNET IN34 ORDRE ATRA;53868;IRH/RSP - POLE PTR;53868;IRH/RSP - POLE PTR;N;PAQUET;68
00189834;V;CARNET IN36 ORDRE BAPO;53868;IRH/RSP - POLE PTR;53868;IRH/RSP - POLE PTR;N;PAQUET;68
00189835;V;CARNET IN37 ORDRE CBA;53868;IRH/RSP - POLE PTR;53868;IRH/RSP - POLE PTR;N;PAQUET;68
00189836;V;CARNET IN38 ORDRE C;53868;IRH/RSP - POLE PTR;53868;IRH/RSP - POLE PTR;N;PAQUET;68
00189837;V;CARNET IN61 ORDRE CHEX;53868;IRH/RSP - POLE PTR;53868;IRH/RSP - POLE PTR;N;PAQUET;68
00189838;V;CARNET IN87 ORDRE DIPU;53868;IRH/RSP - POLE PTR;53868;IRH/RSP - POLE PTR;N;PAQUET;68
00189839;V;CARNET IE8;53868;IRH/RSP - POLE PTR;53868;IRH/RSP - POLE PTR;N;PAQUET;68
00189840;V;CARNET IN84 ORDRE S;53868;IRH/RSP - POLE PTR;53868;IRH/RSP - POLE PTR;N;PAQUET;68
00189841;V;CARNET IN82 ORDRE MV;53868;IRH/RSP - POLE PTR;53868;IRH/RSP - POLE PTR;N;PAQUET;68
00189842;V;CARNET IE2;53868;IRH/RSP - POLE PTR;53868;IRH/RSP - POLE PTR;N;PAQUET;68
00189843;V;CARNET IE1;53868;IRH/RSP - POLE PTR;53868;IRH/RSP - POLE PTR;N;PAQUET;68
00189844;V;CARNET IE7;53868;IRH/RSP - POLE PTR;53868;IRH/RSP - POLE PTR;N;PAQUET;68
00189845;V;CARNET BC57 DEMANDE DSEC;53868;IRH/RSP - POLE PTR;53868;IRH/RSP - POLE PTR;N;PAQUET;68
00189846;V;CARNET IN35 ORDRE AVEN;53868;IRH/RSP - POLE PTR;53868;IRH/RSP - POLE PTR;N;PAQUET;68
00189847;V;CARNET IN32 AVIS ANOT;53868;IRH/RSP - POLE PTR;53868;IRH/RSP - POLE PTR;N;PAQUET;68
00189848;V;CARNET BC99 AVIS AGSM;53868;IRH/RSP - POLE PTR;53868;IRH/RSP - POLE PTR;N;PAQUET;68
00189849;V;CARNET BC46 ORDRE/AVIS FOLI;53868;IRH/RSP - POLE PTR;53868;IRH/RSP - POLE PTR;N;PAQUET;68
00189850;V;CARNET IN31 ORDRE AVASS;53868;IRH/RSP - POLE PTR;53868;IRH/RSP - POLE PTR;N;PAQUET;68
00189851;V;CARNET IE5;53868;IRH/RSP - POLE PTR;53868;IRH/RSP - POLE PTR;N;PAQUET;68
00189852;V;CARNET IN86 ORDRE NEXT;53868;IRH/RSP - POLE PTR;53868;IRH/RSP - POLE PTR;N;PAQUET;68
00189853;V;CARNET IE4;53868;IRH/RSP - POLE PTR;53868;IRH/RSP - POLE PTR;N;PAQUET;68
00189854;V;CARNET DE SEPARATION DE RESEAU;53868;IRH/RSP - POLE PTR;53868;IRH/RSP - POLE PTR;N;PAQUET;68
00189855;V;ACCES TOITURE AGENT CATENAIRE;53868;IRH/RSP - POLE PTR;53868;IRH/RSP - POLE PTR;N;PAQUET;68
00205000;V;CLAVIER STANDARD AZERTY;05410;IG.SF 65;05199;INFRALOG SY NON GERE;N;PIECE;68
01602113;V;BOULON H,M20-85,ECROU HK;53317;CIS UG MECANIQUE;05199;INFRALOG SY NON GERE;N;PIECE;68
01603824;V;BOULON H,M4-20,ECROU H INOX;53316;CIS UG ASBOUL;05199;INFRALOG SY NON GERE;N;PIECE;68
01603876;V;BOULON H,M5-30,ECROU H ZINGUE;05410;IG.SF 65;05199;INFRALOG SY NON GERE;N;PIECE;68
01603920;V;BOULON H,M6-16,ECROU H ZINGUE;05410;IG.SF 65;05199;INFRALOG SY NON GERE;N;PIECE;68
01603927;V;BOULON H.M6-20 ECROU H;05341;DTR DGII VA T;05182;INFRALOG MMV3;N;PIECE;68
01603930;V;BOULON H,M6-20,ECROU H ZINGUE;05410;IG.SF 65;05199;INFRALOG SY NON GERE;N;PIECE;68
01603939;V;BOULON H,M6-25,ECROU H ZINGUE;05410;IG.SF 65;05199;INFRALOG SY NON GERE;N;PIECE;68
01603957;V;BOULON H,M6-40,ECROU H ZINGUE;05410;IG.SF 65;05199;INFRALOG SY NON GERE;N;PIECE;68
01603995;V;BOULON H,M6-75,ECROU H;53316;CIS UG ASBOUL;05199;INFRALOG SY NON GERE;N;PIECE;68
01604008;V;BOULON H,M8-120,2 ECROUS H ZN;05410;IG.SF 65;05199;INFRALOG SY NON GERE;N;PIECE;68
01604045;V;BOULON H,M7-60,ECROU H ZINGUE;05410;IG.SF 65;05199;INFRALOG SY NON GERE;N;PIECE;68
01604055;V;BOULON H,M8-16,ECROU H INOX;05341;DTR DGII VA T;05199;INFRALOG SY NON GERE;N;PIECE;68
01604068;V;BOULON H,M8-25,ECROU H;05410;IG.SF 65;05199;INFRALOG SY NON GERE;N;PIECE;68
01604072;V;BOULON H,M8-25,ECROU HK;05410;IG.SF 65;05199;INFRALOG SY NON GERE;N;PIECE;68
01604083;V;BOULON H,M8-30,ECROU H ZINGUE;05410;IG.SF 65;05199;INFRALOG SY NON GERE;N;PIECE;68
01604092;V;BOULON H,M8-35,ECROU H,ZINGUE;05410;IG.SF 65;05199;INFRALOG SY NON GERE;N;PIECE;68
01604115;V;BOULON H,M8-45/45,ZINGUE;05410;IG.SF 65;05199;INFRALOG SY NON GERE;N;PIECE;68
01604116;V;BOULON H,M8-45,2ECROUS H,ZING.;05410;IG.SF 65;05199;INFRALOG SY NON GERE;N;PIECE;68
01604137;V;BOULON H,M8-55,ECROU H ZINGUE;05410;IG.SF 65;05199;INFRALOG SY NON GERE;N;PIECE;68
01604141;V;BOULON H,M8-60,ECROU H;11078;EIV ST DIZIER-BE;05199;INFRALOG SY NON GERE;N;PIECE;68
01604153;V;BOULON H,M8-70,ECROU H.ZINGUE;05410;IG.SF 65;05199;INFRALOG SY NON GERE;N;PIECE;68
01604200;V;BOULON H,M10-20,ECROU H ZIN.;05410;IG.SF 65;05199;INFRALOG SY NON GERE;N;PIECE;68
01604220;V;BOULON H,M10-30 ECROU HK;53316;CIS UG ASBOUL;05199;INFRALOG SY NON GERE;N;PIECE;68
01604223;V;BOULON H,M10-30,ECROU H ZING.;05410;IG.SF 65;05199;INFRALOG SY NON GERE;N;PIECE;68
01604232;V;BOULON H,M10-35,ECROU H ZING.;05410;IG.SF 65;05199;INFRALOG SY NON GERE;N;PIECE;68
01604253;V;BOULON H,M12-40,ZINGUE,PERCE;11078;EIV ST DIZIER-BE;05199;INFRALOG SY NON GERE;N;PIECE;68
01604254;V;BOULON H,M10-40,ECROU H ZING.;05410;IG.SF 65;05199;INFRALOG SY NON GERE;N;PIECE;68
01604283;V;BOULON H,M10-50,2ECROUS ZINGUE;05410;IG.SF 65;05199;INFRALOG SY NON GERE;N;PIECE;68
01604288;V;BOULON H,M10-55,ECROU H ZINGUE;05410;IG.SF 65;05199;INFRALOG SY NON GERE;N;PIECE;68
01604304;V;BOULON H,M10-65,ECROU H ZINGUE;05410;IG.SF 65;05199;INFRALOG SY NON GERE;N;PIECE;68
01604307;V;BOULON H,M10-65 I ECRS  H ZING;05410;IG.SF 65;05199;INFRALOG SY NON GERE;N;PIECE;68
01604326;V;BOULON H,M10-80,ECROU H ZINGUE;05410;IG.SF 65;05199;INFRALOG SY NON GERE;N;PIECE;68
01604329;V;BOULON H,M10-90/60 ECROU H;05410;IG.SF 65;05182;INFRALOG MMV3;N;PIECE;68
01604330;V;BOULON H,M10 100,ECROU H ZING.;05410;IG.SF 65;05199;INFRALOG SY NON GERE;N;PIECE;68
01604332;V;BOULON H,M10-100,2 ECROUS H,Z;05410;IG.SF 65;05199;INFRALOG SY NON GERE;N;PIECE;68
01604338;V;BOULON H,M10-110,ECROU H,ZING;05410;IG.SF 65;05199;INFRALOG SY NON GERE;N;PIECE;68
01604342;V;BOULON H,M10-120,ECROU H ZING;05410;IG.SF 65;05199;INFRALOG SY NON GERE;N;PIECE;68
01604345;V;BOULON H,M10-120,ECROU H INOX;05410;IG.SF 65;05182;INFRALOG MMV3;N;PIECE;68
01604369;V;BOULON H,M12-30,ECROU H ZINGUE;05410;IG.SF 65;05199;INFRALOG SY NON GERE;N;PIECE;68
01604377;V;BOULON H,M12-35,ECROU H ZINGUE;05410;IG.SF 65;05199;INFRALOG SY NON GERE;N;PIECE;68
01604392;V;BOULON H,M12-40,ECROU H ZINGUE;05410;IG.SF 65;05199;INFRALOG SY NON GERE;N;PIECE;68
01604415;V;BOULON H,M12-45,ECROU H ZINGUE;05410;IG.SF 65;05199;INFRALOG SY NON GERE;N;PIECE;68
01604425;V;BOULON H,M12-45,ECROU HK;11078;EIV ST DIZIER-BE;05199;INFRALOG SY NON GERE;N;PIECE;68
01604440;V;BOULON H,M12-50,INOX,PERCE;05410;IG.SF 65;05199;INFRALOG SY NON GERE;N;PIECE;68
01604447;V;BOULON H,M12-60,2 ECROUS H;05410;IG.SF 65;05199;INFRALOG SY NON GERE;N;PIECE;68
01604475;V;BOULON H,M12-75,ECROU H;05410;IG.SF 65;05199;INFRALOG SY NON GERE;N;PIECE;68
01604479;V;BOULON H,M12-80,2 ECROUS H ZN;05410;IG.SF 65;05199;INFRALOG SY NON GERE;N;PIECE;68
01604486;V;BOULON H,M12-90,ECROU H ZINGUE;05410;IG.SF 65;05199;INFRALOG SY NON GERE;N;PIECE;68
01604498;V;BOULON H,M12-110,2 ECROUS ZN;05410;IG.SF 65;05199;INFRALOG SY NON GERE;N;PIECE;68
01604503;V;BOULON H,M12-120,2 ECROUS H ZN;05410;IG.SF 65;05199;INFRALOG SY NON GERE;N;PIECE;68
01604505;V;BOULON H,M12-130,2 ECRS H INOX;05410;IG.SF 65;05182;INFRALOG MMV3;N;PIECE;68
01604517;V;BOULON H,M12-140,2 ECROU H ZN;05410;IG.SF 65;05199;INFRALOG SY NON GERE;N;PIECE;68
01604530;V;BOULON H,M12-160,ECROU H ZING;05410;IG.SF 65;05199;INFRALOG SY NON GERE;N;PIECE;68
01604531;V;BOULON H,M12-160,2 ECRS H ZING;05410;IG.SF 65;05199;INFRALOG SY NON GERE;N;PIECE;68
01604534;V;BOULON H,M12-160/50,ECROU H ZG;05410;IG.SF 65;05182;INFRALOG MMV3;N;PIECE;68
01604536;V;BOULON H,M12-170/50,2 EC H ZG;05410;IG.SF 65;05199;INFRALOG SY NON GERE;N;PIECE;68
01604541;V;BOULON H,M12-200,2 ECROUS H ZG;05410;IG.SF 65;05199;INFRALOG SY NON GERE;N;PIECE;68
01604543;V;BOULON H,M12-190/60,ECROU H ZG;05410;IG.SF 65;05199;INFRALOG SY NON GERE;N;PIECE;68
01604612;V;BOULON H,M14-55,ECROU H;05410;IG.SF 65;05199;INFRALOG SY NON GERE;N;PIECE;68
01604623;V;BOULON H,M14-55,INOX;05410;IG.SF 65;05199;INFRALOG SY NON GERE;N;PIECE;68
01604692;V;BOULON H,M14-120/80,3 ECROUS H;05460;DTII TE CE CAT;05199;INFRALOG SY NON GERE;N;PIECE;68
01604799;V;BOULON H,M16-45,ECROU Q;53316;CIS UG ASBOUL;05199;INFRALOG SY NON GERE;N;PIECE;68
01604878;V;BOULON H,M16-75,ECROU HK;53316;CIS UG ASBOUL;05199;INFRALOG SY NON GERE;N;PIECE;68
01604934;V;BOULON H, M16 X 75, ECROU H;05410;IG.SF 65;05199;INFRALOG SY NON GERE;N;BOITE;68
01606504;V;BOULON H,M4-20,ECROU H LAITON;11078;EIV ST DIZIER-BE;05199;INFRALOG SY NON GERE;N;PIECE;68
01606538;V;BOULON H,M6-20,ECROU H LAITON;05410;IG.SF 65;05199;INFRALOG SY NON GERE;N;PIECE;68
01606552;V;BOULON H,M6-25,ECROU H LAITON;05410;IG.SF 65;05199;INFRALOG SY NON GERE;N;PIECE;68
01606554;V;BOULON H,M6-30,ECROU H LAITON;05410;IG.SF 65;05199;INFRALOG SY NON GERE;N;PIECE;68
01606587;V;BOULON H,M8-25,ECROU H LAITON;05410;IG.SF 65;05199;INFRALOG SY NON GERE;N;PIECE;68
01606605;V;BOULON H,M8-50,ECROU H LAITON;05410;IG.SF 65;05182;INFRALOG MMV3;N;PIECE;68
01610105;V;BOULON H, M18X70 ECROU H;05410;IG.SF 65;05199;INFRALOG SY NON GERE;N;PIECE;68
01610653;V;BOULON Q,M16-80N,E.HT;53316;CIS UG ASBOUL;05199;INFRALOG SY NON GERE;N;PIECE;68
01610931;V;BOULON Q,M20-55N,E.HN,GALV;05410;IG.SF 65;05199;INFRALOG SY NON GERE;N;PIECE;68
01610941;V;BOULON Q,M20-65N,E.HN;53316;CIS UG ASBOUL;05199;INFRALOG SY NON GERE;N;PIECE;68
01614389;V;BOULON CS,M3-10,ECROU H;53316;CIS UG ASBOUL;05199;INFRALOG SY NON GERE;N;PIECE;68
01614510;V;BOULON C-M4-25 T;53316;CIS UG ASBOUL;05199;INFRALOG SY NON GERE;N;PIECE;68
01614522;V;BOULON C,M4-35 T;53316;CIS UG ASBOUL;05199;INFRALOG SY NON GERE;N;PIECE;68
01614530;V;BOULON C,M4-40 T;53316;CIS UG ASBOUL;05199;INFRALOG SY NON GERE;N;PIECE;68
01614599;V;BOULON C,M5-30/30,ZINGUE;05410;IG.SF 65;05199;INFRALOG SY NON GERE;N;PIECE;68
01614612;V;BOULON C,M5-40 T;53316;CIS UG ASBOUL;05199;INFRALOG SY NON GERE;N;PIECE;68
01614674;V;BOULON J,M5-40N,ECROU H;05410;IG.SF 65;05199;INFRALOG SY NON GERE;N;PIECE;68
01614733;V;BOULON J,M8-30,ECROU H;05460;DTII TE CE CAT;05199;INFRALOG SY NON GERE;N;PIECE;68
01614741;V;BOULON JAPY M8.40/23 ECROU H;05460;DTII TE CE CAT;05199;INFRALOG SY NON GERE;N;PIECE;68
01630246;V;VIS H, M6X12;11398;IG TE-DIV ZU1 RNAS;05199;INFRALOG SY NON GERE;N;PIECE;68
01630470;V;VIS H, M8X70 A4-80;05460;DTII TE CE CAT;05199;INFRALOG SY NON GERE;N;PIECE;68
01630471;V;VIS H, M8X80 REVETU;10263;CIO PX VOITURES;05199;INFRALOG SY NON GERE;N;PIECE;68
01630607;V;VIS H, M10X16;05460;DTII TE CE CAT;05199;INFRALOG SY NON GERE;N;PIECE;68
01630702;V;VIS H, M10X55;05460;DTII TE CE CAT;05199;INFRALOG SY NON GERE;N;PIECE;68
01630715;V;VIS H, M10X65;05460;DTII TE CE CAT;05199;INFRALOG SY NON GERE;N;PIECE;68
01630723;V;VIS H, M10X70;05460;DTII TE CE CAT;05199;INFRALOG SY NON GERE;N;PIECE;68
01630730;V;VIS H, M12X80;05460;DTII TE CE CAT;05199;INFRALOG SY NON GERE;N;PIECE;68
01630741;V;VIS H, M10X90;05460;DTII TE CE CAT;05199;INFRALOG SY NON GERE;N;PIECE;68
01630792;V;VIS H, M12X180;05460;DTII TE CE CAT;05199;INFRALOG SY NON GERE;N;PIECE;68
01630902;V;VIS H,M12 X 50 A4 80;00723;CIO-PX-VISSERIE SPE;05199;INFRALOG SY NON GERE;N;PIECE;68
01630908;V;VIS H,M14 X 40/40;05460;DTII TE CE CAT;05199;INFRALOG SY NON GERE;N;PIECE;68
01630935;V;VIS H, M12X65;05460;DTII TE CE CAT;05199;INFRALOG SY NON GERE;N;PIECE;68
01630937;V;VIS H, M12X70;05460;DTII TE CE CAT;05199;INFRALOG SY NON GERE;N;PIECE;68
01630956;V;VIS H, M12X90;05460;DTII TE CE CAT;05199;INFRALOG SY NON GERE;N;PIECE;68
01631115;V;VIS H, M14X80;05460;DTII TE CE CAT;05199;INFRALOG SY NON GERE;N;PIECE;68
01631140;V;VIS H,M16-30,GALVANISEE;05460;DTII TE CE CAT;05199;INFRALOG SY NON GERE;N;PIECE;68
01631252;V;VIS H, M16X150 - A4-80;10263;CIO PX VOITURES;05199;INFRALOG SY NON GERE;N;PIECE;68
01631561;V;VIS H, M27X140 REVETU;05410;IG.SF 65;05199;INFRALOG SY NON GERE;N;PIECE;68
01631745;V;VIS H, M6 X 25;11398;IG TE-DIV ZU1 RNAS;05191;INFRALOG SM1;N;PIECE;68
01631900;V;VIS H, M16X110;05410;IG.SF 65;05199;INFRALOG SY NON GERE;N;PIECE;68
01632215;V;VIS A METAUX QZ M12X1-70A;05410;IG.SF 65;05199;INFRALOG SY NON GERE;N;PIECE;68
01632388;V;VIS CS, M3-16;12050;NVR CIC VIS AS BOUL;05199;INFRALOG SY NON GERE;N;PIECE;68
01632988;V;VIS CS, M2-25;12050;NVR CIC VIS AS BOUL;05199;INFRALOG SY NON GERE;N;PIECE;68
01633834;V;VIS CHC,M14 X 75;05460;DTII TE CE CAT;05199;INFRALOG SY NON GERE;N;PIECE;68
01634766;V;VIS CS, M8-25;12050;NVR CIC VIS AS BOUL;05199;INFRALOG SY NON GERE;N;PIECE;68
01635287;V;VIS FS, M2,5-5;56866;TI RENNES VIS TETE F;05199;INFRALOG SY NON GERE;N;PIECE;68
01636139;V;VIS FS, M2-25;56866;TI RENNES VIS TETE F;05199;INFRALOG SY NON GERE;N;PIECE;68
01636160;V;VIS FS, M2,5-25;56866;TI RENNES VIS TETE F;05199;INFRALOG SY NON GERE;N;PIECE;68
01639703;V;VIS SANS TETE HC,M6 X 10;05341;DTR DGII VA T;05199;INFRALOG SY NON GERE;N;PIECE;68
01661170;V;TIGE FILETEE DE 24;02510;CIE-GOUJON TIGE FIL.;05199;INFRALOG SY NON GERE;N;PIECE;68
01670235;V;ECROU H,M18 GALVANISE;60221;CIN-EM ECROUS;05199;INFRALOG SY NON GERE;N;PIECE;68
01670239;V;ECROU H,M20 GALVANISE;60221;CIN-EM ECROUS;05199;INFRALOG SY NON GERE;N;PIECE;68
01670251;V;ECROU H,M24 GALVANISE;60221;CIN-EM ECROUS;05199;INFRALOG SY NON GERE;N;PIECE;68
01670276;V;ECROU H FR, M8 - 12 - FP1;47026;EIV QUERCY CORREZ BA;05199;INFRALOG SY NON GERE;N;PIECE;68
01670435;V;ECROU H, M10 INOX +REVET ANTIG;60221;CIN-EM ECROUS;05199;INFRALOG SY NON GERE;N;CENT;68
01670440;V;ECROU H, M12 INOX +REVET ANTIG;60221;CIN-EM ECROUS;05199;INFRALOG SY NON GERE;N;CENT;68
01670457;V;ECROU H,M14 GALVANISE;05460;DTII TE CE CAT;05199;INFRALOG SY NON GERE;N;PIECE;68
01670461;V;ECROU H, M14 INOX +REVET ANTIG;60221;CIN-EM ECROUS;05199;INFRALOG SY NON GERE;N;CENT;68
01670462;V;ECROU H,M16 GALVANISE;60221;CIN-EM ECROUS;05199;INFRALOG SY NON GERE;N;PIECE;68
01670717;V;ECROU HM,M14;05410;IG.SF 65;05199;INFRALOG SY NON GERE;N;PIECE;68
01670897;V;ECROU HM,M16;05410;IG.SF 65;05199;INFRALOG SY NON GERE;N;PIECE;68
01673271;V;ECROU O,M6 GRADE A;05410;IG.SF 65;05199;INFRALOG SY NON GERE;N;PIECE;68
01673306;V;ECROU O,M14 GRADE A;05410;IG.SF 65;05199;INFRALOG SY NON GERE;N;PIECE;68
01680095;V;RONDELLE Z 30;05181;INFRALOG AD. DONNEES;05199;INFRALOG SY NON GERE;N;PIECE;68
01680152;V;RONDELLE M 12,INOX;47026;EIV QUERCY CORREZ BA;05199;INFRALOG SY NON GERE;N;PIECE;68
01680277;V;RONDELLE M12 U;22682;PICARDIE - RT ASBOUL;05199;INFRALOG SY NON GERE;N;PIECE;68
01680312;V;RONDELLE M 10,GALVANISEE;05410;IG.SF 65;05199;INFRALOG SY NON GERE;N;PIECE;68
01680318;V;RONDELLE M 12,GALVANISEE;05460;DTII TE CE CAT;05199;INFRALOG SY NON GERE;N;PIECE;68
01680322;V;RONDELLE M 14;05460;DTII TE CE CAT;05199;INFRALOG SY NON GERE;N;PIECE;68
01680324;V;RONDELLE M 16;22682;PICARDIE - RT ASBOUL;05199;INFRALOG SY NON GERE;N;PIECE;68
01680327;V;RONDELLE M 18;05460;DTII TE CE CAT;05199;INFRALOG SY NON GERE;N;PIECE;68
01680330;V;RONDELLE M20,GALVANISEE;05460;DTII TE CE CAT;05199;INFRALOG SY NON GERE;N;PIECE;68
01680333;V;RONDELLE M 22;05460;DTII TE CE CAT;05199;INFRALOG SY NON GERE;N;PIECE;68
01680336;V;RONDELLE M 24;05460;DTII TE CE CAT;05199;INFRALOG SY NON GERE;N;PIECE;68
01680339;V;RONDELLE M 27;05460;DTII TE CE CAT;05199;INFRALOG SY NON GERE;N;PIECE;68
01680342;V;RONDELLE M 30;22682;PICARDIE - RT ASBOUL;05199;INFRALOG SY NON GERE;N;PIECE;68
01680348;V;RONDELLE M 36;05460;DTII TE CE CAT;05199;INFRALOG SY NON GERE;N;PIECE;68
01680415;V;RONDELLE M20,LAITON;05460;DTII TE CE CAT;05199;INFRALOG SY NON GERE;N;PIECE;68
01680428;V;RONDELLE PLATE EN PLOMB M 6 N;05460;DTII TE CE CAT;05199;INFRALOG SY NON GERE;N;PIECE;68
01680467;V;RONDELLE L 10;22682;PICARDIE - RT ASBOUL;05199;INFRALOG SY NON GERE;N;PIECE;68
01680473;V;RONDELLE L 12,GALVANISEE;05460;DTII TE CE CAT;05199;INFRALOG SY NON GERE;N;PIECE;68
01680476;V;RONDELLE 14,GALVANISEE;05460;DTII TE CE CAT;05199;INFRALOG SY NON GERE;N;PIECE;68
01680479;V;RONDELLE L 16;05460;DTII TE CE CAT;05199;INFRALOG SY NON GERE;N;PIECE;68
01680482;V;RONDELLE L 18;05460;DTII TE CE CAT;05199;INFRALOG SY NON GERE;N;PIECE;68
01680485;V;RONDELLE L 20;05460;DTII TE CE CAT;05199;INFRALOG SY NON GERE;N;PIECE;68
01680487;V;RONDELLE L 22;11078;EIV ST DIZIER-BE;05199;INFRALOG SY NON GERE;N;PIECE;68
01680520;V;RONDELLE L 6;05410;IG.SF 65;05199;INFRALOG SY NON GERE;N;PIECE;68
01680527;V;RONDELLE L 12,LAITON;05460;DTII TE CE CAT;05199;INFRALOG SY NON GERE;N;PIECE;68
01680529;V;RONDELLE 14,LAITON;05460;DTII TE CE CAT;05199;INFRALOG SY NON GERE;N;PIECE;68
01680534;V;RONDELLE LL8;05460;DTII TE CE CAT;05199;INFRALOG SY NON GERE;N;PIECE;68
01680550;V;RONDELLE LL 12;22682;PICARDIE - RT ASBOUL;05199;INFRALOG SY NON GERE;N;PIECE;68
01680555;V;RONDELLE LL 14;05460;DTII TE CE CAT;05199;INFRALOG SY NON GERE;N;PIECE;68
01680557;V;RONDELLE LL 16.;05460;DTII TE CE CAT;05199;INFRALOG SY NON GERE;N;PIECE;68
01680560;V;RONDELLE LL 18;05460;DTII TE CE CAT;05199;INFRALOG SY NON GERE;N;PIECE;68
01697072;V;GOUPILLE CANNELEE G7;05410;IG.SF 65;05199;INFRALOG SY NON GERE;N;PIECE;68
01697186;V;GOUPILLE V2-14,ACIER INOX;05460;DTII TE CE CAT;05199;INFRALOG SY NON GERE;N;PIECE;68
01697229;V;GOUPILLE ACIER INOX V2,5-18;05460;DTII TE CE CAT;05199;INFRALOG SY NON GERE;N;PIECE;68
01697264;V;GOUPILLE ACIER INOX V3,2-25;05460;DTII TE CE CAT;05199;INFRALOG SY NON GERE;N;PIECE;68
01697268;V;GOUPILLE ACIER INOX V3,2X28;05460;DTII TE CE CAT;05199;INFRALOG SY NON GERE;N;PIECE;68
01697342;V;GOUPILLE ACIER INOX V5-36;05460;DTII TE CE CAT;05199;INFRALOG SY NON GERE;N;PIECE;68
01697462;V;GOUPILLE V6,3-56 ACIER INOX;05460;DTII TE CE CAT;05199;INFRALOG SY NON GERE;N;PIECE;68
01697838;V;GOUPILLE V2-14,CUIVRE;05460;DTII TE CE CAT;05199;INFRALOG SY NON GERE;N;PIECE;68
01697853;V;GOUPILLE V2,5-18,CUIVRE;05460;DTII TE CE CAT;05199;INFRALOG SY NON GERE;N;PIECE;68
01697859;V;GOUPILLE EN CU DE 2,5X32;05460;DTII TE CE CAT;05199;INFRALOG SY NON GERE;N;PIECE;68
01697872;V;GOUPILLE V3,2-25,CUIVRE;05460;DTII TE CE CAT;05199;INFRALOG SY NON GERE;N;PIECE;68
01697879;V;GOUPILLE V4-40;05460;DTII TE CE CAT;05199;INFRALOG SY NON GERE;N;PIECE;68
01697880;V;GOUPILLE V4-32,CUIVRE;05460;DTII TE CE CAT;05199;INFRALOG SY NON GERE;N;PIECE;68
01697896;V;GOUPILLE V5-40,CUIVRE;05460;DTII TE CE CAT;05199;INFRALOG SY NON GERE;N;PIECE;68
01697915;V;GOUPILLE V6,3-50,CUIVRE;05460;DTII TE CE CAT;05199;INFRALOG SY NON GERE;N;PIECE;68
01697951;V;GOUPILLE CYLINDRIQUE V8-63;05460;DTII TE CE CAT;05199;INFRALOG SY NON GERE;N;PIECE;68
01698570;V;GOUPILLE ELAST.EPAI.DE 24-125;05460;DTII TE CE CAT;05199;INFRALOG SY NON GERE;N;PIECE;68
01698780;V;GOUPILLE ELAST.MINCE DE 10-25;31105;DIR INFRA IVMR5;05199;INFRALOG SY NON GERE;N;PIECE;68
01705511;V;VIS H, VB6-40;10263;CIO PX VOITURES;05199;INFRALOG SY NON GERE;N;PIECE;68
01705516;V;VIS H,VB 6-50;10263;CIO PX VOITURES;05199;INFRALOG SY NON GERE;N;PIECE;68
01705561;V;VIS H, VB7-50;10263;CIO PX VOITURES;05199;INFRALOG SY NON GERE;N;PIECE;68
01705586;V;VIS H,VB 8-40;10263;CIO PX VOITURES;05199;INFRALOG SY NON GERE;N;PIECE;68
01705596;V;VIS H,VB 8-60 - ACIER;10263;CIO PX VOITURES;05199;INFRALOG SY NON GERE;N;PIECE;68
01705690;V;VIS H,VB 10-100;10263;CIO PX VOITURES;05199;INFRALOG SY NON GERE;N;PIECE;68
01705771;V;VIS H,VB 12-80;10263;CIO PX VOITURES;05199;INFRALOG SY NON GERE;N;PIECE;68
01705781;V;VIS H,VB 12-100;10263;CIO PX VOITURES;05199;INFRALOG SY NON GERE;N;PIECE;68
01705870;V;VIS H,VB 16-100;05410;IG.SF 65;05199;INFRALOG SY NON GERE;N;PIECE;68
01710780;V;CLOU MARINIER 60 X 4,5 MM;05341;DTR DGII VA T;05199;INFRALOG SY NON GERE;N;KG;68
01710960;V;CLOU A MACON 55 X 5 MM;05341;DTR DGII VA T;05199;INFRALOG SY NON GERE;N;KG;68
01711735;V;CRAMPILLON 40 X 4,5 MM GALV.;05341;DTR DGII VA T;05199;INFRALOG SY NON GERE;N;KG;68
01731255;V;RIVET R5-45 CUIVRE;05410;IG.SF 65;05199;INFRALOG SY NON GERE;N;PIECE;68
01731433;V;RIVET R 8.50;05410;IG.SF 65;05199;INFRALOG SY NON GERE;N;PIECE;68
01731534;V;RIVET R 6.20;05460;DTII TE CE CAT;05199;INFRALOG SY NON GERE;N;PIECE;68
01892166;V;ANNEAU TRUARC INVERSE INT.;05410;IG.SF 65;05199;INFRALOG SY NON GERE;N;PIECE;68
01894013;V;RONDELLE W 10;65195;TECH SPDC MECANIQUE;05199;INFRALOG SY NON GERE;N;PIECE;68
01894022;V;RONDELLE W14;05410;IG.SF 65;05199;INFRALOG SY NON GERE;N;PIECE;68
01894025;V;RONDELLE W16;65195;TECH SPDC MECANIQUE;05199;INFRALOG SY NON GERE;N;PIECE;68
01894028;V;RONDELLE W 18;05410;IG.SF 65;05199;INFRALOG SY NON GERE;N;PIECE;68
01894031;V;RONDELLE W 20;65195;TECH SPDC MECANIQUE;05199;INFRALOG SY NON GERE;N;PIECE;68
01894035;V;RONDELLE W 22;05410;IG.SF 65;05199;INFRALOG SY NON GERE;N;PIECE;68
01894697;V;RONDELLE A DENTS DEC M3,INOX;65195;TECH SPDC MECANIQUE;05199;INFRALOG SY NON GERE;N;PIECE;68
01894698;V;RONDELLE A DENTS DEC M 4,INOX;65195;TECH SPDC MECANIQUE;05199;INFRALOG SY NON GERE;N;PIECE;68
01894723;V;RONDELLE A DENTS DEC M16 ACIER;65195;TECH SPDC MECANIQUE;05199;INFRALOG SY NON GERE;N;PIECE;68
01894730;V;RONDELLE A DENTS DEC M8 ACIER;65195;TECH SPDC MECANIQUE;05199;INFRALOG SY NON GERE;N;PIECE;68
01894738;V;RONDELLE A DENTS DEC M14 ACIER;65195;TECH SPDC MECANIQUE;05199;INFRALOG SY NON GERE;N;PIECE;68
01894890;V;RONDELLE CS, 8-18-1,4;05460;DTII TE CE CAT;05199;INFRALOG SY NON GERE;N;PIECE;68
01900218;V;CHAINETTE 2,4X22X5,5 MM;42364;CIO PX MECA RIO-RR;05199;INFRALOG SY NON GERE;N;METRE;68
01910010;V;CADENAS DE 40;47026;EIV QUERCY CORREZ BA;05199;INFRALOG SY NON GERE;N;PIECE;68
01910020;V;CADENAS DE 50;47026;EIV QUERCY CORREZ BA;05199;INFRALOG SY NON GERE;N;PIECE;68
01910030;V;CADENAS DE 60-B-SANS CONDAMNAT;47026;EIV QUERCY CORREZ BA;05199;INFRALOG SY NON GERE;N;PIECE;68
01910150;V;CADENAS ARTILLERIE-ANSE=25 MM;05410;IG.SF 65;05184;INFRALOG MMV2;N;PIECE;68
01910200;V;CADENAS AUTOMATIQUE N° 0 10694;05460;DTII TE CE CAT;05199;INFRALOG SY NON GERE;N;PIECE;68
01910201;V;CLE POUR CADENAS N°0     10704;05460;DTII TE CE CAT;05199;INFRALOG SY NON GERE;N;PIECE;68
01910202;V;CADENAS AUTOMATIQUE N°1  10695;05460;DTII TE CE CAT;05199;INFRALOG SY NON GERE;N;PIECE;68
01910203;V;CLE POUR CADENAS N° 1    10705;05460;DTII TE CE CAT;05199;INFRALOG SY NON GERE;N;PIECE;68
01910204;V;CADENAS AUTOMATIQUE N°2  10696;05460;DTII TE CE CAT;05199;INFRALOG SY NON GERE;N;PIECE;68
01910205;V;CLE POUR CADENAS N° 2    10706;05460;DTII TE CE CAT;05199;INFRALOG SY NON GERE;N;PIECE;68
01910206;V;CADENAS AUTOMATIQUE N°3  10697;05460;DTII TE CE CAT;05199;INFRALOG SY NON GERE;N;PIECE;68
01910207;V;CLE POUR CADENAS N° 3    10707;05460;DTII TE CE CAT;05199;INFRALOG SY NON GERE;N;PIECE;68
01991018;V;ROULEMENT RIGIDE A BILLES  627;13641;CIS RTN ROULEMENTS;05199;INFRALOG SY NON GERE;N;PIECE;68
01991820;V;ROULEMENT A BILLES;13641;CIS RTN ROULEMENTS;05199;INFRALOG SY NON GERE;N;PIECE;68
02065950;V;CORNET D APPEL;00128;FR EX;05199;INFRALOG SY NON GERE;N;PIECE;68
02066527;V;TROMPE D APPEL DROITE;11078;EIV ST DIZIER-BE;05199;INFRALOG SY NON GERE;N;PIECE;68
02066528;V;EMBOUCHURE EQUIPEE;11078;EIV ST DIZIER-BE;05199;INFRALOG SY NON GERE;N;PIECE;68
02067492;V;JALON D ARRET A MAIN;05410;IG.SF 65;05199;INFRALOG SY NON GERE;N;PIECE;68
02067501;V;GUIDON DEPART PLIANT;05410;IG.SF 65;05199;INFRALOG SY NON GERE;N;PIECE;68
02108574;V;PRODUIT DE PROTECTION;05460;DTII TE CE CAT;05199;INFRALOG SY NON GERE;N;KG;68
02109543;V;PATE D'ISOLATION ELECTRIQUE;05460;DTII TE CE CAT;05199;INFRALOG SY NON GERE;N;KG;68
02109544;V;PATE D'ISOLATION ELECTRIQUE;05460;DTII TE CE CAT;05199;INFRALOG SY NON GERE;N;KG;68
02109662;V;END PENETRANT DETECT.FISSURES;00959;TECH PRG PROPRETE;05199;INFRALOG SY NON GERE;N;PIECE;68
02109682;V;END PROD DETECTION REVELATEUR;00959;TECH PRG PROPRETE;05199;INFRALOG SY NON GERE;N;PIECE;68
02448463;V;PORTEFEUILLE POCHETTE CACHOU;08542;A-DDAP-PEC MOBILIER;05199;INFRALOG SY NON GERE;N;PIECE;68
02471520;V;FICELLE CHANVRE DIAM.1 MM;05410;IG.SF 65;05199;INFRALOG SY NON GERE;N;PELOTE;68
02473660;V;CORDEAU CHANVRE GOUDRONNE;05460;DTII TE CE CAT;05199;INFRALOG SY NON GERE;N;ROUL.;68
02474600;V;CORDEAU TRACAGE COTON ECR;25813;EIV MOULINNEUF;05199;INFRALOG SY NON GERE;N;ROUL.;68
02730264;V;HUILE MT BPE ISO VG 220;11326;AEF LUBRIFIANT;05199;INFRALOG SY NON GERE;N;KG;68
02730342;V;HUILE DROSERA MS2 TOTAL 20L;05410;IG.SF 65;05199;INFRALOG SY NON GERE;N;BIDON;68
02730455;V;HUILE SHELL SAE 90;47026;EIV QUERCY CORREZ BA;05199;INFRALOG SY NON GERE;N;BIDON;68
02730752;V;HUILE 2 TEMPS;47026;EIV QUERCY CORREZ BA;05199;INFRALOG SY NON GERE;N;BIDON;68
02731720;V;HUILE TELLUS S2 VX 46 - VRAC;47026;EIV QUERCY CORREZ BA;00940;EIV BRIVE GR;N;LITRE;68
02731726;V;HUILE HYDRAULIQUE TELLUS 100;31105;DIR INFRA IVMR5;05199;INFRALOG SY NON GERE;N;FUT;68
02735206;V;GRAISSE COUSSINET AIGUIL. SEAU;05460;DTII TE CE CAT;05199;INFRALOG SY NON GERE;N;BOITE;68
02735207;V;GRAISSE COUSSINET AIGUIL.BIDON;05460;DTII TE CE CAT;05199;INFRALOG SY NON GERE;N;BIDON;68
02735575;V;GRAISSE 139 EN FUT DE 50KG;05460;DTII TE CE CAT;05199;INFRALOG SY NON GERE;N;KG;68
02735802;V;GRAISSE BASE CALCIUM+LITHIUM;32660;TI RENNES PIM LUBRIF;05199;INFRALOG SY NON GERE;N;PIECE;68
02735803;V;GRAISSE BASE CALCIUM + LITHIUM;32660;TI RENNES PIM LUBRIF;05199;INFRALOG SY NON GERE;N;KG;68
02735804;V;GRAISSE BASE CALCIUM + LITHIUM;32660;TI RENNES PIM LUBRIF;05199;INFRALOG SY NON GERE;N;KG;68
02736061;V;GRAISSE BASE LITHIUM + CALCIUM;32660;TI RENNES PIM LUBRIF;05199;INFRALOG SY NON GERE;N;KG;68
02736210;V;GRAISSE SHELL EN CARTOUCHES;31105;DIR INFRA IVMR5;05199;INFRALOG SY NON GERE;N;PIECE;68
02736771;V;GRAISSE CONDUCTRICE;05460;DTII TE CE CAT;05199;INFRALOG SY NON GERE;N;KG;68
02736773;V;GRAISSE MOLYDAL;05460;DTII TE CE CAT;05199;INFRALOG SY NON GERE;N;FUT;68
02736774;V;GRAISSE ROULEMENTS;05460;DTII TE CE CAT;05199;INFRALOG SY NON GERE;N;CARTO.;68
02736775;V;GRAISSE CABLE A.T;05460;DTII TE CE CAT;05199;INFRALOG SY NON GERE;N;BIDON;68
03282116;V;NIVEAU DE MECANICIEN;31105;DIR INFRA IVMR5;05199;INFRALOG SY NON GERE;N;PIECE;68
03401035;V;CEINTURE LARGE FLUORESCENTE PM;31105;DIR INFRA IVMR5;05199;INFRALOG SY NON GERE;N;PIECE;68
03411001;V;POCHETTE A FERMETURE  ECLAIR;11078;EIV ST DIZIER-BE;05199;INFRALOG SY NON GERE;N;PIECE;68
03611281;V;ECHELLE SIMPLE 11 ECHELONS 3M;31105;DIR INFRA IVMR5;05199;INFRALOG SY NON GERE;N;PIECE;68
03613026;V;ECHELLE A COULISSE 2 PLANS DE;31105;DIR INFRA IVMR5;05199;INFRALOG SY NON GERE;N;PIECE;68
03646495;V;FIL PERLE N.1 GALV;05410;IG.SF 65;05199;INFRALOG SY NON GERE;N;BOBINE;68
03648250;V;PLOMB SANS TIGE;00848;TECH SPDC CELLULE TM;05199;INFRALOG SY NON GERE;N;PAQUET;68
03686200;V;MANILLE  DROITE  A VIS M10 D;11078;EIV ST DIZIER-BE;05199;INFRALOG SY NON GERE;N;PIECE;68
03773473;V;CABOCHON FACETTES FEU JAUNE;05410;IG.SF 65;05199;INFRALOG SY NON GERE;N;PIECE;68
03775003;V;GLACE FEU BLANC;05410;IG.SF 65;05199;INFRALOG SY NON GERE;N;PIECE;68
03775004;V;GLACE FEU ROUGE;05410;IG.SF 65;05199;INFRALOG SY NON GERE;N;PIECE;68
03775012;V;SUPPORT D AMPOULE EQUIPE;05410;IG.SF 65;05199;INFRALOG SY NON GERE;N;PIECE;68
03779900;V;LANTERNE QUEUE INFRA;00128;FR EX;05199;INFRALOG SY NON GERE;N;PIECE;68
03779910;V;LANTERNE TTX BICOLOR INFRA-DPI;00128;FR EX;05199;INFRALOG SY NON GERE;N;PIECE;68
03822822;V;EXTINCTEUR P.MONOVALENTE 2KG;11067;EIV SAULON (BE);05199;INFRALOG SY NON GERE;N;PIECE;68
03823324;V;EXTINCTEUR CO2 DE 5 KG;11067;EIV SAULON (BE);05199;INFRALOG SY NON GERE;N;PIECE;68
03825379;V;"ETIQUETTE ""AVERTISSEMENT""";11067;EIV SAULON (BE);05199;INFRALOG SY NON GERE;N;PIECE;68
03827400;V;LANCE COMPLETE PR EXT 6KG;11067;EIV SAULON (BE);05199;INFRALOG SY NON GERE;N;PIECE;68
03827521;V;LANCE COMP.EP6-9L.NV.MOD.DESAU;11067;EIV SAULON (BE);05199;INFRALOG SY NON GERE;N;PIECE;68
03827601;V;LANCE COMPLETE EXT 6-9L ROT;11067;EIV SAULON (BE);05199;INFRALOG SY NON GERE;N;PIECE;68
03828950;V;SUPPORT POUR EXT P. POLY 6KG;11067;EIV SAULON (BE);05199;INFRALOG SY NON GERE;N;PIECE;68
03837914;V;SPARKLET 110G M15X125;11067;EIV SAULON (BE);05199;INFRALOG SY NON GERE;N;PIECE;68
03900665;V;NIVEAU A BULLE D AIR;31105;DIR INFRA IVMR5;05199;INFRALOG SY NON GERE;N;PIECE;68
03904910;V;CE DE SERRAGE SIMPLE REF:F791;31105;DIR INFRA IVMR5;05199;INFRALOG SY NON GERE;N;PIECE;68
03904920;V;CE SERRAGE ISOLE FASSETTA;31105;DIR INFRA IVMR5;05199;INFRALOG SY NON GERE;N;PIECE;68
03913605;V;DOUILLE 30 32 CLE A CLIQUET;05410;IG.SF 65;05199;INFRALOG SY NON GERE;N;PIECE;68
03916827;V;OUTIL INSER EXTR CONTACT;05410;IG.SF 65;05199;INFRALOG SY NON GERE;N;PIECE;68
03918400;V;SACOCHE RESIST.SHUNTS. MESURES;05410;IG.SF 65;05199;INFRALOG SY NON GERE;N;PIECE;68
03923900;V;ECHELLE DOUBLE REP. 62436;31105;DIR INFRA IVMR5;05199;INFRALOG SY NON GERE;N;PIECE;68
03923910;V;ECHELLE COULISSANTE REP. 62389;31105;DIR INFRA IVMR5;05199;INFRALOG SY NON GERE;N;PIECE;68
03923922;V;ECHELLE A COULISSE DE 8 M;31105;DIR INFRA IVMR5;05199;INFRALOG SY NON GERE;N;PIECE;68
03923925;V;ECHELLE A COULISSE DE 9 M;31105;DIR INFRA IVMR5;05199;INFRALOG SY NON GERE;N;PIECE;68
03923930;V;ECHELLE A COULISSE DE 11 M;31105;DIR INFRA IVMR5;05199;INFRALOG SY NON GERE;N;PIECE;68
03923935;V;ECHELLE A COULISSE DE 16 M;31105;DIR INFRA IVMR5;05199;INFRALOG SY NON GERE;N;PIECE;68
03924008;V;ELINGUE CABLE D.14,7-L.1,20M.;31105;DIR INFRA IVMR5;05199;INFRALOG SY NON GERE;N;PIECE;68
03924082;V;ESTROPE SYNTHETIQUE DE 2 M;31105;DIR INFRA IVMR5;05199;INFRALOG SY NON GERE;N;PIECE;68
03924083;V;ESTROPE SYNTHETIQUE DE 4 M;31105;DIR INFRA IVMR5;05199;INFRALOG SY NON GERE;N;PIECE;68
03924084;V;ESTROPE SYNTHETIQUE DE 0,5 M;31105;DIR INFRA IVMR5;05199;INFRALOG SY NON GERE;N;PIECE;68
03927787;V;PROFIL D ARCHET MIXTE -R.64576;31105;DIR INFRA IVMR5;05199;INFRALOG SY NON GERE;N;PIECE;68
03981181;V;CHAPE DE 6 A BRAS LONGS;47026;EIV QUERCY CORREZ BA;00940;EIV BRIVE GR;N;PIECE;68
03981736;V;DURITE COUDEE DE 40;47026;EIV QUERCY CORREZ BA;05199;INFRALOG SY NON GERE;N;PIECE;68
03982403;V;LAMPE HALOGENE 24V-70W-H3;47026;EIV QUERCY CORREZ BA;05199;INFRALOG SY NON GERE;N;PIECE;68
08160320;V;BATTERIE 2PILES PS1,4-350-0,8P;05410;IG.SF 65;05199;INFRALOG SY NON GERE;N;PIECE;68
08172250;V;CONDENSATEUR EC 100MF 400V;05410;IG.SF 65;05199;INFRALOG SY NON GERE;N;PIECE;68
08172290;V;CONDENSATEUR EC 330MF 250V;05410;IG.SF 65;05199;INFRALOG SY NON GERE;N;PIECE;68
08172310;V;CONDENSATEUR EC 470MF 160V;05410;IG.SF 65;05199;INFRALOG SY NON GERE;N;PIECE;68
08172390;V;CONDENSATEUR EC 1500MF 100V;05410;IG.SF 65;05199;INFRALOG SY NON GERE;N;PIECE;68
08172410;V;CONDENSATEUR EC 2200MF 63V;05410;IG.SF 65;05199;INFRALOG SY NON GERE;N;PIECE;68
08172590;V;CONDENSATEUR EC 4700MF 100V;05410;IG.SF 65;05199;INFRALOG SY NON GERE;N;PIECE;68
08307166;V;SOCLE PRISE DE COURANT MURAL;47026;EIV QUERCY CORREZ BA;05193;INFRALOG CAT1;N;PIECE;68
08333853;V;LUMINAIRE AVEC APPAR 100W;05410;IG.SF 65;05199;INFRALOG SY NON GERE;N;PIECE;68
08333854;V;LUMINAIRE SANS APPAR 70W;05410;IG.SF 65;05199;INFRALOG SY NON GERE;N;PIECE;68
08424710;V;CONDUCTEUR U-1000R02V 1X6MM2;05410;IG.SF 65;05199;INFRALOG SY NON GERE;N;METRE;68
08424712;V;CONDUCTEUR U-1000R02V 1X16MM2;05410;IG.SF 65;05199;INFRALOG SY NON GERE;N;METRE;68
08424725;V;CONDUCTEUR U-1000R02V 2X1,5MM2;05410;IG.SF 65;05199;INFRALOG SY NON GERE;N;METRE;68
08424726;V;CONDUCTEUR U-1000R02V 2X2,5MM2;05410;IG.SF 65;05199;INFRALOG SY NON GERE;N;METRE;68
08424727;V;CONDUCTEUR U-1000R02V 2X4 MM2;05410;IG.SF 65;05199;INFRALOG SY NON GERE;N;METRE;68
08424730;V;CONDUCTEUR U-1000R02V 2X16 MM2;05410;IG.SF 65;05199;INFRALOG SY NON GERE;N;METRE;68
08424735;V;CONDUCTEUR U-1000R02V 3X1,5MM2;05410;IG.SF 65;05199;INFRALOG SY NON GERE;N;METRE;68
08424736;V;CONDUCTEUR U-1000R02V 3X2,5MM2;05410;IG.SF 65;05199;INFRALOG SY NON GERE;N;METRE;68
08424737;V;CONDUCTEUR U-1000R02V 3X4 MM2;05410;IG.SF 65;05199;INFRALOG SY NON GERE;N;METRE;68
08424750;V;CONDUCTEUR U-1000R02V 4X1,5MM2;05410;IG.SF 65;05199;INFRALOG SY NON GERE;N;METRE;68
08424751;V;CONDUCTEUR U-1000R02V 4X2,5MM2;05410;IG.SF 65;05199;INFRALOG SY NON GERE;N;METRE;68
08424752;V;CONDUCTEUR U-1000R02V 4X4 MM2;05410;IG.SF 65;05199;INFRALOG SY NON GERE;N;METRE;68
08424765;V;CONDUCTEUR U-1000R02V 5G1,5MM2;05410;IG.SF 65;05199;INFRALOG SY NON GERE;N;METRE;68
08424766;V;CONDUCTEUR U-1000R02V 5G2,5MM2;05410;IG.SF 65;05199;INFRALOG SY NON GERE;N;METRE;68
08424767;V;CONDUCTEUR U-1000R02V 5G4 MM2;05410;IG.SF 65;05199;INFRALOG SY NON GERE;N;METRE;68
08424824;V;CONDUCTEUR H07RN-F 2,5MM2 NOIR;05410;IG.SF 65;05199;INFRALOG SY NON GERE;N;METRE;68
08424836;V;CONDUCTEUR H 07 RN-F 4MM2 NOIR;05410;IG.SF 65;05199;INFRALOG SY NON GERE;N;METRE;68
08425052;V;CABLE H 07 RN-F 5 G 6 MM2;05410;IG.SF 65;05199;INFRALOG SY NON GERE;N;METRE;68
08428505;V;CABLE CU.U 1000 RVFV 2X35 MM2;05410;IG.SF 65;05199;INFRALOG SY NON GERE;N;METRE;68
08428511;V;CABLE CU.U 1000 RVFV 3X6 MM2;05410;IG.SF 65;05199;INFRALOG SY NON GERE;N;METRE;68
08428513;V;CABLE CU.U 1000 RVFV 3X16 MM2;05410;IG.SF 65;05199;INFRALOG SY NON GERE;N;METRE;68
08428514;V;CABLE CU.U 1000 RVFV 3X25 MM2;05410;IG.SF 65;05199;INFRALOG SY NON GERE;N;METRE;68
08428560;V;CABLE CU.U 1000 RVFV 5G4 MM2;05410;IG.SF 65;05199;INFRALOG SY NON GERE;N;METRE;68
08428565;V;CABLE CU U 1000 RVFV 5G35;05410;IG.SF 65;05199;INFRALOG SY NON GERE;N;METRE;68
08428715;V;CABLE H07 RN-F 4X2,5 SANS V/J;05410;IG.SF 65;05185;INFRALOG CABLES;N;METRE;68
08428718;V;CABLE H07 RN-F 4X16 SANS V/J;05410;IG.SF 65;05199;INFRALOG SY NON GERE;N;METRE;68
08428720;V;CABLE H07 RN-F 4X35 SANS V/J;05410;IG.SF 65;05199;INFRALOG SY NON GERE;N;METRE;68
08466800;V;MANCHON SILAVIA INCOLORE;05410;IG.SF 65;05199;INFRALOG SY NON GERE;N;PIECE;68
08466801;V;MANCHON SILAVIA NOIR;05410;IG.SF 65;05199;INFRALOG SY NON GERE;N;PIECE;68
08466803;V;MANCHON SILAVIA INCOLORE;05410;IG.SF 65;05199;INFRALOG SY NON GERE;N;PIECE;68
08466804;V;MANCHON SILAVIA NOIR;05410;IG.SF 65;05199;INFRALOG SY NON GERE;N;PIECE;68
08466805;V;MANCHON SILAVIA ROUGE;05410;IG.SF 65;05199;INFRALOG SY NON GERE;N;PIECE;68
08466806;V;MANCHON SILAVIA INCOLORE;05410;IG.SF 65;05199;INFRALOG SY NON GERE;N;PIECE;68
08466807;V;MANCHON SILAVIA NOIR;05410;IG.SF 65;05199;INFRALOG SY NON GERE;N;PIECE;68
08466809;V;MANCHON SILAVIA INCOLORE;05410;IG.SF 65;05199;INFRALOG SY NON GERE;N;PIECE;68
08466810;V;MANCHON SILAVIA NOIR;05410;IG.SF 65;05199;INFRALOG SY NON GERE;N;PIECE;68
08466811;V;MANCHON SILAVIA ROUGE;05410;IG.SF 65;05199;INFRALOG SY NON GERE;N;PIECE;68
08466812;V;MANCHON SILAVIA NOIR;05410;IG.SF 65;05199;INFRALOG SY NON GERE;N;PIECE;68
08469500;V;TROUSSE DE JONCTION;05410;IG.SF 65;05199;INFRALOG SY NON GERE;N;PIECE;68
08469501;V;TROUSSE DE JONCTION;05410;IG.SF 65;05199;INFRALOG SY NON GERE;N;PIECE;68
08469502;V;TROUSSE DE JONCTION;05410;IG.SF 65;05199;INFRALOG SY NON GERE;N;PIECE;68
08469503;V;TROUSSE DE JONCTION;05410;IG.SF 65;05199;INFRALOG SY NON GERE;N;PIECE;68
08469504;V;TROUSSE DE JONCTION;05410;IG.SF 65;05199;INFRALOG SY NON GERE;N;PIECE;68
08469505;V;TROUSSE DE JONCTION;05410;IG.SF 65;05199;INFRALOG SY NON GERE;N;PIECE;68
08475758;V;ETIQUETTE GRAVEE EN  INOX;05410;IG.SF 65;05193;INFRALOG CAT1;N;PIECE;68
08480353;V;BOITE ARMADILLO PM 4X25;33713;IG TL-ST;05199;INFRALOG SY NON GERE;N;ENSEM.;68
08480354;V;BOITE ARMADILLO PM 6.5X28;33713;IG TL-ST;05199;INFRALOG SY NON GERE;N;ENSEM.;68
08480355;V;BOITE ARMADILLO GM 8.0 X 65;33713;IG TL-ST;05199;INFRALOG SY NON GERE;N;ENSEM.;68
08480356;V;BOITE ARMADILLO GM 9.5 X 28;33713;IG TL-ST;05199;INFRALOG SY NON GERE;N;ENSEM.;68
08480357;V;BOITE ARMADILLO GM 9.5 X 38;33713;IG TL-ST;05199;INFRALOG SY NON GERE;N;ENSEM.;68
08480358;V;BOITE ARMADILLO GM 9.5 X 45;33713;IG TL-ST;05199;INFRALOG SY NON GERE;N;ENSEM.;68
08480359;V;BOITE ARMADILLO PM 6.5X38;33713;IG TL-ST;05199;INFRALOG SY NON GERE;N;ENSEM.;68
08480360;V;BOITE ARMADILLO GM 8.0 X 28;33713;IG TL-ST;05199;INFRALOG SY NON GERE;N;ENSEM.;68
08480361;V;BOITE ARMADILLO GM 8.0 X 28;33713;IG TL-ST;05199;INFRALOG SY NON GERE;N;ENSEM.;68
08603205;V;CONTROLEUR DISJONCTEUR DISCA;05410;IG.SF 65;05199;INFRALOG SY NON GERE;N;PIECE;68
08812010;V;TIGE DE REGLAGE D'IS    211404;05460;DTII TE CE CAT;05199;INFRALOG SY NON GERE;N;PIECE;68
08814330;V;PLAQUE DANGER DE MORT R.14701;05460;DTII TE CE CAT;05198;INFRALOG CAT3;N;PIECE;68
08814331;V;PLAQUE DE NUMEROTAGE 14024R101;05460;DTII TE CE CAT;05198;INFRALOG CAT3;N;PIECE;68
08814332;V;PLAQUE DE NUMEROTAGE 14024R102;05460;DTII TE CE CAT;05199;INFRALOG SY NON GERE;N;PIECE;68
08814335;V;ECRITEAU DEFEN.DE MANOE. 14750;05460;DTII TE CE CAT;05199;INFRALOG SY NON GERE;N;PIECE;68
08844492;V;PLAQUE SECU. NUM.   214729R102;05460;DTII TE CE CAT;05199;INFRALOG SY NON GERE;N;PIECE;68
08881835;V;CADENAS D'IMMOBIL. N°5   10698;05460;DTII TE CE CAT;05199;INFRALOG SY NON GERE;N;PIECE;68
08881836;V;CADENAS D'IMMOBIL. N°6   10699;05460;DTII TE CE CAT;05199;INFRALOG SY NON GERE;N;PIECE;68
09460011;V;PEINTURE EMAIL BLANC 1L;05410;IG.SF 65;05199;INFRALOG SY NON GERE;N;KG;68
09460021;V;PEINTURE BLANC MAT 1L;05410;IG.SF 65;05199;INFRALOG SY NON GERE;N;KG;68
09460023;V;PEINTURE BLANC MAT 5L;05410;IG.SF 65;05199;INFRALOG SY NON GERE;N;BIDON;68
09460031;V;PEINTURE EMAIL BLEU 1L;05410;IG.SF 65;05199;INFRALOG SY NON GERE;N;KG;68
09460033;V;PEINTURE EMAIL BLEU 5L;05410;IG.SF 65;05199;INFRALOG SY NON GERE;N;BIDON;68
09460041;V;PEINTURE EMAI.GRIS BLEU 1L;05410;IG.SF 65;05199;INFRALOG SY NON GERE;N;KG;68
09460043;V;PEINTURE EMAI.GRIS BLEU 5L;05410;IG.SF 65;05199;INFRALOG SY NON GERE;N;BIDON;68
09460051;V;PEINTURE EMAIL JAUNE 1L;05410;IG.SF 65;05199;INFRALOG SY NON GERE;N;KG;68
09460053;V;PEINTURE EMAIL JAUNE 5L;05410;IG.SF 65;05199;INFRALOG SY NON GERE;N;BIDON;68
09460063;V;PEINTURE EMAIL ROUGE 5L;05410;IG.SF 65;05199;INFRALOG SY NON GERE;N;BIDON;68
09460071;V;PEINTURE EMAIL NOIR 1L;05410;IG.SF 65;05199;INFRALOG SY NON GERE;N;KG;68
09460073;V;PEINTURE EMAIL NOIR  5L;05410;IG.SF 65;05199;INFRALOG SY NON GERE;N;BIDON;68
09460081;V;PEINTURE NOIR MAT 1L;05410;IG.SF 65;05199;INFRALOG SY NON GERE;N;KG;68
09460083;V;PEINTURE NOIR MAT 5L;05410;IG.SF 65;05199;INFRALOG SY NON GERE;N;BIDON;68
09460091;V;PEINTURE EMAIL VIOLET 1L;05410;IG.SF 65;05199;INFRALOG SY NON GERE;N;KG;68
09498223;V;CLE POUR VERROU 5 SE;05410;IG.SF 65;05199;INFRALOG SY NON GERE;N;PIECE;68
09701786;V;LAMPE TEL.LILLIPUT 24V 50 MA;33714;IG TL-TF;05199;INFRALOG SY NON GERE;N;PIECE;68
09707944;V;PLAQUE KILOMETRIQUE EMAILLEE.;33714;IG TL-TF;05199;INFRALOG SY NON GERE;N;PIECE;68
09790439;V;BORNE REPERAGE TGV AVEC PLAQUE;33713;IG TL-ST;05199;INFRALOG SY NON GERE;N;PIECE;68
09790440;V;BORNE REPERAGE TGV SANS PLAQUE;33713;IG TL-ST;05199;INFRALOG SY NON GERE;N;PIECE;68
09794328;V;CORDON EQUIP-REPART AF;31457;IG-TL TRANSMISSIONS;05190;INFRALOG SM3;N;PIECE;68
09795059;V;PRISE-N-MALE POUR CABLE 1/2PES;33710;IG TL-IR;05199;INFRALOG SY NON GERE;N;PIECE;68
09801100;V;BALISE 1 BANDE REFL.INCL.BAS.G;05410;IG.SF 65;05193;INFRALOG CAT1;N;PIECE;68
09801101;V;BALISE 1 BANDE REFL.INCL.BAS D;05410;IG.SF 65;05193;INFRALOG CAT1;N;PIECE;68
09801108;V;BALISE 2 BANDES REFL.INC.BAS G;05410;IG.SF 65;05193;INFRALOG CAT1;N;PIECE;68
09801109;V;BALISE 2 BANDES REFL.INC.BAS D;05410;IG.SF 65;05193;INFRALOG CAT1;N;PIECE;68
09801116;V;BALISE 3 BANDES REFL.INC.BAS G;05410;IG.SF 65;05193;INFRALOG CAT1;N;PIECE;68
09801117;V;BALISE 3 BANDES REFL.INC.BAS D;05410;IG.SF 65;05193;INFRALOG CAT1;N;PIECE;68
09801300;V;CADRE ELASTIQUE PR ECRAN 150MM;05410;IG.SF 65;05199;INFRALOG SY NON GERE;N;PIECE;68
09802745;V;HAUTE TENSION - DANGER   14685;05460;DTII TE CE CAT;05193;INFRALOG CAT1;N;PIECE;68
09802800;V;PANNEAU A2;05410;IG.SF 65;05193;INFRALOG CAT1;N;PIECE;68
09802801;V;PANNEAU AVANCE A7 REFLECTORISE;05410;IG.SF 65;05199;INFRALOG SY NON GERE;N;PIECE;68
09802818;V;PANNEAU AVANCE A8 REFLECTORISE;05410;IG.SF 65;05193;INFRALOG CAT1;N;PIECE;68
09802866;V;PANNEAU A 14;05410;IG.SF 65;05193;INFRALOG CAT1;N;PIECE;68
09802956;V;PANNEAU G1 (CROIX SAINT ANDRE);05410;IG.SF 65;05193;INFRALOG CAT1;N;PIECE;68
09802957;V;PANNEAU G1A (CROIX ST ANDRE);05410;IG.SF 65;05193;INFRALOG CAT1;N;PIECE;68
09802960;V;PANNEAU AB4 -STOP- REFLECT-;05410;IG.SF 65;05193;INFRALOG CAT1;N;PIECE;68
09803058;V;PANONCEAU M9Z SIGNAL AUTOM.;05410;IG.SF 65;05193;INFRALOG CAT1;N;PIECE;68
09803063;V;PANONCEAU M9Z FEU CLIGNOTANT;05410;IG.SF 65;05190;INFRALOG SM3;N;PIECE;68
09803064;V;PANONCEAU M9Z VEHICULES SURB.;05410;IG.SF 65;05193;INFRALOG CAT1;N;PIECE;68
09803065;V;"PANONCEAU M5 ""STOP 150 M""";05410;IG.SF 65;05199;INFRALOG SY NON GERE;N;PIECE;68
09803073;V;PANONCEAU UN TRAIN PEUT---1963;05410;IG.SF 65;05199;INFRALOG SY NON GERE;N;PIECE;68
09803075;V;PANONCEAU M1 - 150 M-;05410;IG.SF 65;05193;INFRALOG CAT1;N;PIECE;68
09803076;V;"PANONCEAU M9 ""VOIE FERREE""";05410;IG.SF 65;05193;INFRALOG CAT1;N;PIECE;68
09803077;V;PANONCEAU M9B;05410;IG.SF 65;05193;INFRALOG CAT1;N;PIECE;68
09803151;V;PLAQUE DE 80X500,COMPL.REFLECT;05410;IG.SF 65;05193;INFRALOG CAT1;N;PIECE;68
09808954;V;PANNEAU G1B;05410;IG.SF 65;05193;INFRALOG CAT1;N;PIECE;68
22730033;V;HUILE ISO VG 15;11326;AEF LUBRIFIANT;05199;INFRALOG SY NON GERE;N;BIDON;68
43910595;V;CLE ETOILE P.ECROUS 8,10,12REL;05410;IG.SF 65;05199;INFRALOG SY NON GERE;N;PIECE;68
71020004;V;CORN_ACIER100X100X10MM_12M;11067;EIV SAULON (BE);05199;INFRALOG SY NON GERE;N;METRE;68
71020005;V;CORN_ACIER35X35X5MM_6M;11067;EIV SAULON (BE);05199;INFRALOG SY NON GERE;N;METRE;68
71020006;V;CORN_ACIER60X60X6MM_12M;11067;EIV SAULON (BE);05199;INFRALOG SY NON GERE;N;METRE;68
71020007;V;CORN_ACIER80X80X8MM_12M;11067;EIV SAULON (BE);05199;INFRALOG SY NON GERE;N;METRE;68
71020008;V;HEB_280ACIERS275JR_14M;11067;EIV SAULON (BE);05199;INFRALOG SY NON GERE;N;METRE;68
71020009;V;PLAT EN ACIER DIM 60 X 8 MM S2;11067;EIV SAULON (BE);05199;INFRALOG SY NON GERE;N;METRE;68
71020010;V;TUBE_ACIER100X100X4MM_12M;11067;EIV SAULON (BE);05199;INFRALOG SY NON GERE;N;METRE;68
71020011;V;UPE_140ACIERS275JR_12M;11067;EIV SAULON (BE);05199;INFRALOG SY NON GERE;N;METRE;68
71020012;V;UPN_300ACIERS275JR_15M;11067;EIV SAULON (BE);05199;INFRALOG SY NON GERE;N;METRE;68
71020013;V;IPN LCN S235JRG2 100 L=6100 IP;11067;EIV SAULON (BE);05199;INFRALOG SY NON GERE;N;METRE;68
71020014;V;L.PLAT LCN S235JRG2 300 10 L=6;11067;EIV SAULON (BE);05199;INFRALOG SY NON GERE;N;METRE;68
71020015;V;PLA LCN S235JRG2 50 6 L=6150 P;11067;EIV SAULON (BE);05199;INFRALOG SY NON GERE;N;METRE;68
71020016;V;PLA LCN S235JRG2 60 10 L=6150;11067;EIV SAULON (BE);05199;INFRALOG SY NON GERE;N;METRE;68
71020017;V;PLA LCN S235JRG2 60 8 L=6150 P;11067;EIV SAULON (BE);05199;INFRALOG SY NON GERE;N;METRE;68
71020018;V;PLA LCN S235JRG2 70 10 L=6150;11067;EIV SAULON (BE);05199;INFRALOG SY NON GERE;N;METRE;68
71020019;V;PLA LCN S235JRG2 80 10 L=6150;11067;EIV SAULON (BE);05199;INFRALOG SY NON GERE;N;METRE;68
71020021;V;UAC LCN S235JRG2 60 30 6 UAC L;11067;EIV SAULON (BE);05199;INFRALOG SY NON GERE;N;METRE;68
71020022;V;UPN LCN S235JRG2 140 L=14100 U;11067;EIV SAULON (BE);05199;INFRALOG SY NON GERE;N;METRE;68
71020025;V;CORN_ACIER_120X120X12_12M;11067;EIV SAULON (BE);05199;INFRALOG SY NON GERE;N;METRE;68
71020026;V;CORN_ACIER_50X50X5_12M;11067;EIV SAULON (BE);05199;INFRALOG SY NON GERE;N;METRE;68
71020027;V;CORN_ACIER_60X40X5_6M;11067;EIV SAULON (BE);05199;INFRALOG SY NON GERE;N;METRE;68
71020028;V;CORN_ACIER_70X70X7_12M;11067;EIV SAULON (BE);05199;INFRALOG SY NON GERE;N;METRE;68
71020029;V;CORN_ACIER_80X60X7_6M;11067;EIV SAULON (BE);05199;INFRALOG SY NON GERE;N;METRE;68
71020030;V;CORN_ACIER_90X90X9_12M;11067;EIV SAULON (BE);05199;INFRALOG SY NON GERE;N;METRE;68
71020031;V;PLAT_ACIER_100X10_6M;11067;EIV SAULON (BE);05199;INFRALOG SY NON GERE;N;METRE;68
71020032;V;PLAT_ACIER_100X15_6M;11067;EIV SAULON (BE);05199;INFRALOG SY NON GERE;N;METRE;68
71020033;V;PLAT_ACIER_100X8_6M;11067;EIV SAULON (BE);05199;INFRALOG SY NON GERE;N;METRE;68
71020034;V;PLAT_ACIER_120X10_6M;11067;EIV SAULON (BE);05199;INFRALOG SY NON GERE;N;METRE;68
71020035;V;PLAT_ACIER_120X12_6M;11067;EIV SAULON (BE);05199;INFRALOG SY NON GERE;N;METRE;68
71020036;V;PLAT_ACIER_120X6_6M;11067;EIV SAULON (BE);05199;INFRALOG SY NON GERE;N;METRE;68
71020037;V;PLAT_ACIER_130X10_6M;11067;EIV SAULON (BE);05199;INFRALOG SY NON GERE;N;METRE;68
71020038;V;PLAT_ACIER_130X6_6M;11067;EIV SAULON (BE);05199;INFRALOG SY NON GERE;N;METRE;68
71020039;V;PLAT_ACIER_150X6_6M;11067;EIV SAULON (BE);05199;INFRALOG SY NON GERE;N;METRE;68
71020040;V;PLAT_ACIER_35X8_6M;11067;EIV SAULON (BE);05199;INFRALOG SY NON GERE;N;METRE;68
71020041;V;PLAT_ACIER_45X8_6M;11067;EIV SAULON (BE);05199;INFRALOG SY NON GERE;N;METRE;68
71020042;V;PLAT_ACIER_50X8_6M;11067;EIV SAULON (BE);05199;INFRALOG SY NON GERE;N;METRE;68
71020043;V;PLAT_ACIER_140X8_6M;11067;EIV SAULON (BE);05199;INFRALOG SY NON GERE;N;METRE;68
71020044;V;PLAT_ACIER_70X6_6M;11067;EIV SAULON (BE);05199;INFRALOG SY NON GERE;N;METRE;68
71020045;V;PLAT_ACIER_70X8_6M;11067;EIV SAULON (BE);05199;INFRALOG SY NON GERE;N;METRE;68
71020046;V;PLAT_ACIER_40X10_6M;11067;EIV SAULON (BE);05199;INFRALOG SY NON GERE;N;METRE;68
71020047;V;UAC_ACIER_70_6M;11067;EIV SAULON (BE);05199;INFRALOG SY NON GERE;N;METRE;68
71020048;V;TUBE_ACIER_80X40X2_6M;11067;EIV SAULON (BE);05199;INFRALOG SY NON GERE;N;METRE;68
71020049;V;TUBE_ACIER_120X120X4_12M;11067;EIV SAULON (BE);05199;INFRALOG SY NON GERE;N;METRE;68
71020050;V;IPN_ACIER_100_12M;11067;EIV SAULON (BE);05199;INFRALOG SY NON GERE;N;METRE;68
71020051;V;IPN_ACIER_100_14M;11067;EIV SAULON (BE);05199;INFRALOG SY NON GERE;N;METRE;68
71020052;V;IPN_ACIER_100_15M;11067;EIV SAULON (BE);05199;INFRALOG SY NON GERE;N;METRE;68
71020053;V;UPN_ACIER_80_12M;11067;EIV SAULON (BE);05199;INFRALOG SY NON GERE;N;METRE;68
71020054;V;UPN_ACIER_80_14M;11067;EIV SAULON (BE);05199;INFRALOG SY NON GERE;N;METRE;68
71020055;V;UPN_ACIER_80_15M;11067;EIV SAULON (BE);05199;INFRALOG SY NON GERE;N;METRE;68
71020056;V;UPN_ACIER_80_16M;11067;EIV SAULON (BE);05199;INFRALOG SY NON GERE;N;METRE;68
71020057;V;UPN_ACIER_80_6M;11067;EIV SAULON (BE);05199;INFRALOG SY NON GERE;N;METRE;68
71020058;V;HEA_ ACIER_100_12M;11067;EIV SAULON (BE);05199;INFRALOG SY NON GERE;N;METRE;68
71020059;V;HEA_ ACIER_100_14M;11067;EIV SAULON (BE);05199;INFRALOG SY NON GERE;N;METRE;68
71020060;V;HEA_ ACIER_100_15M;11067;EIV SAULON (BE);05199;INFRALOG SY NON GERE;N;METRE;68
71020061;V;HEA_ ACIER_100_16M;11067;EIV SAULON (BE);05199;INFRALOG SY NON GERE;N;METRE;68
71020062;V;HEA_ ACIER_100_6M;11067;EIV SAULON (BE);05199;INFRALOG SY NON GERE;N;METRE;68
71020063;V;HEA_ ACIER_180_12M;11067;EIV SAULON (BE);05199;INFRALOG SY NON GERE;N;METRE;68
71020064;V;HEA_ ACIER_180_14M;11067;EIV SAULON (BE);05199;INFRALOG SY NON GERE;N;METRE;68
71020065;V;HEA_ ACIER_180_15M;11067;EIV SAULON (BE);05199;INFRALOG SY NON GERE;N;METRE;68
71020066;V;HEA_ ACIER_180_16M;11067;EIV SAULON (BE);05199;INFRALOG SY NON GERE;N;METRE;68
71020067;V;HEA_ ACIER_180_6M;11067;EIV SAULON (BE);05199;INFRALOG SY NON GERE;N;METRE;68
71020068;V;HEA_ ACIER_200_12M;11067;EIV SAULON (BE);05199;INFRALOG SY NON GERE;N;METRE;68
71020069;V;HEA_ ACIER_200_14M;11067;EIV SAULON (BE);05199;INFRALOG SY NON GERE;N;METRE;68
71020070;V;HEA_ ACIER_200_15M;11067;EIV SAULON (BE);05199;INFRALOG SY NON GERE;N;METRE;68
71020071;V;HEA_ ACIER_200_16M;11067;EIV SAULON (BE);05199;INFRALOG SY NON GERE;N;METRE;68
71020072;V;HEA_ ACIER_200_6M;11067;EIV SAULON (BE);05199;INFRALOG SY NON GERE;N;METRE;68
71020073;V;HEA_ ACIER_220_12M;11067;EIV SAULON (BE);05199;INFRALOG SY NON GERE;N;METRE;68
71020074;V;HEA_ ACIER_220_14M;11067;EIV SAULON (BE);05199;INFRALOG SY NON GERE;N;METRE;68
71020075;V;HEA_ ACIER_220_15M;11067;EIV SAULON (BE);05199;INFRALOG SY NON GERE;N;METRE;68
71020076;V;HEA_ ACIER_220_16M;11067;EIV SAULON (BE);05199;INFRALOG SY NON GERE;N;METRE;68
71020077;V;HEA_ ACIER_220_6M;11067;EIV SAULON (BE);05199;INFRALOG SY NON GERE;N;METRE;68
71020078;V;HEA_ ACIER_280_12M;11067;EIV SAULON (BE);05199;INFRALOG SY NON GERE;N;METRE;68
71020079;V;HEA_ ACIER_280_14M;11067;EIV SAULON (BE);05199;INFRALOG SY NON GERE;N;METRE;68
71020080;V;HEA_ ACIER_280_15M;11067;EIV SAULON (BE);05199;INFRALOG SY NON GERE;N;METRE;68
71020081;V;HEA_ ACIER_280_16M;11067;EIV SAULON (BE);05199;INFRALOG SY NON GERE;N;METRE;68
71020082;V;HEA_ ACIER_280_6M;11067;EIV SAULON (BE);05199;INFRALOG SY NON GERE;N;METRE;68
71020083;V;HEA_ ACIER_320_12M;11067;EIV SAULON (BE);05199;INFRALOG SY NON GERE;N;METRE;68
71020084;V;HEA_ ACIER_320_14M;11067;EIV SAULON (BE);05199;INFRALOG SY NON GERE;N;METRE;68
71020085;V;HEA_ ACIER_320_15M;11067;EIV SAULON (BE);05199;INFRALOG SY NON GERE;N;METRE;68
71020086;V;HEA_ ACIER_320_16M;11067;EIV SAULON (BE);05199;INFRALOG SY NON GERE;N;METRE;68
71020087;V;HEA_ ACIER_320_6M;11067;EIV SAULON (BE);05199;INFRALOG SY NON GERE;N;METRE;68
71020088;V;HEB_ACIER_100_12M;11067;EIV SAULON (BE);05199;INFRALOG SY NON GERE;N;METRE;68
71020089;V;HEB_ACIER_100_14M;11067;EIV SAULON (BE);05199;INFRALOG SY NON GERE;N;METRE;68
71020090;V;HEB_ACIER_100_15M;11067;EIV SAULON (BE);05199;INFRALOG SY NON GERE;N;METRE;68
71020091;V;HEB_ACIER_100_16M;11067;EIV SAULON (BE);05199;INFRALOG SY NON GERE;N;METRE;68
71020092;V;HEB_ACIER_100_6M;11067;EIV SAULON (BE);05199;INFRALOG SY NON GERE;N;METRE;68
71020093;V;HEB_ACIER_180_12M;11067;EIV SAULON (BE);05199;INFRALOG SY NON GERE;N;METRE;68
71020094;V;HEB_ACIER_180_14M;11067;EIV SAULON (BE);05199;INFRALOG SY NON GERE;N;METRE;68
71020095;V;HEB_ACIER_180_15M;11067;EIV SAULON (BE);05199;INFRALOG SY NON GERE;N;METRE;68
71020096;V;HEB_ACIER_180_16M;11067;EIV SAULON (BE);05199;INFRALOG SY NON GERE;N;METRE;68
71020097;V;HEB_ACIER_180_6M;11067;EIV SAULON (BE);05199;INFRALOG SY NON GERE;N;METRE;68
71020098;V;HEB_ACIER_200_12M;11067;EIV SAULON (BE);05199;INFRALOG SY NON GERE;N;METRE;68
71020099;V;HEB_ACIER_200_14M;11067;EIV SAULON (BE);05199;INFRALOG SY NON GERE;N;METRE;68
71020100;V;HEB_ACIER_200_15M;11067;EIV SAULON (BE);05199;INFRALOG SY NON GERE;N;METRE;68
71020101;V;HEB_ACIER_200_16M;11067;EIV SAULON (BE);05199;INFRALOG SY NON GERE;N;METRE;68
71020102;V;HEB_ACIER_200_6M;11067;EIV SAULON (BE);05199;INFRALOG SY NON GERE;N;METRE;68
71020103;V;HEB_ACIER_220_12M;11067;EIV SAULON (BE);05199;INFRALOG SY NON GERE;N;METRE;68
71020104;V;HEB_ACIER_220_14M;11067;EIV SAULON (BE);05199;INFRALOG SY NON GERE;N;METRE;68
71020105;V;HEB_ACIER_220_15M;11067;EIV SAULON (BE);05199;INFRALOG SY NON GERE;N;METRE;68
71020106;V;HEB_ACIER_220_16M;11067;EIV SAULON (BE);05199;INFRALOG SY NON GERE;N;METRE;68
71020107;V;HEB_ACIER_220_6M;11067;EIV SAULON (BE);05199;INFRALOG SY NON GERE;N;METRE;68
71020108;V;HEB_ACIER_280_12M;11067;EIV SAULON (BE);05199;INFRALOG SY NON GERE;N;METRE;68
71020109;V;HEB_ACIER_280_15M;11067;EIV SAULON (BE);05199;INFRALOG SY NON GERE;N;METRE;68
71020110;V;HEB_ACIER_280_16M;11067;EIV SAULON (BE);05199;INFRALOG SY NON GERE;N;METRE;68
71020111;V;HEB_ACIER_280_6M;11067;EIV SAULON (BE);05199;INFRALOG SY NON GERE;N;METRE;68
71020112;V;HEB_ACIER_320_12M;11067;EIV SAULON (BE);05199;INFRALOG SY NON GERE;N;METRE;68
71020113;V;HEB_ACIER_320_14M;11067;EIV SAULON (BE);05199;INFRALOG SY NON GERE;N;METRE;68
71020114;V;HEB_ACIER_320_15M;11067;EIV SAULON (BE);05199;INFRALOG SY NON GERE;N;METRE;68
71020115;V;HEB_ACIER_320_16M;11067;EIV SAULON (BE);05199;INFRALOG SY NON GERE;N;METRE;68
71020116;V;HEB_ACIER_320_6M;11067;EIV SAULON (BE);05199;INFRALOG SY NON GERE;N;METRE;68
71020117;V;UPE_ACIER_100_12M;11067;EIV SAULON (BE);05199;INFRALOG SY NON GERE;N;METRE;68
71020118;V;UPE_ACIER_100_14M;11067;EIV SAULON (BE);05199;INFRALOG SY NON GERE;N;METRE;68
71020119;V;UPE_ACIER_100_15M;11067;EIV SAULON (BE);05199;INFRALOG SY NON GERE;N;METRE;68
71020120;V;UPE_ACIER_100_16M;11067;EIV SAULON (BE);05199;INFRALOG SY NON GERE;N;METRE;68
71020121;V;UPE_ACIER_100_6M;11067;EIV SAULON (BE);05199;INFRALOG SY NON GERE;N;METRE;68
71020122;V;UPE_ACIER_120_12M;11067;EIV SAULON (BE);05199;INFRALOG SY NON GERE;N;METRE;68
71020123;V;UPE_ACIER_120_14M;11067;EIV SAULON (BE);05199;INFRALOG SY NON GERE;N;METRE;68
71020124;V;UPE_ACIER_120_15M;11067;EIV SAULON (BE);05199;INFRALOG SY NON GERE;N;METRE;68
71020125;V;UPE_ACIER_120_16M;11067;EIV SAULON (BE);05199;INFRALOG SY NON GERE;N;METRE;68
71020126;V;UPE_ACIER_120_6M;11067;EIV SAULON (BE);05199;INFRALOG SY NON GERE;N;METRE;68
71020127;V;UPE_ACIER_140_14M;11067;EIV SAULON (BE);05199;INFRALOG SY NON GERE;N;METRE;68
71020128;V;UPE_ACIER_140_15M;11067;EIV SAULON (BE);05199;INFRALOG SY NON GERE;N;METRE;68
71020129;V;UPE_ACIER_140_16M;11067;EIV SAULON (BE);05199;INFRALOG SY NON GERE;N;METRE;68
71020130;V;UPE_ACIER_140_6M;11067;EIV SAULON (BE);05199;INFRALOG SY NON GERE;N;METRE;68
71020131;V;UPE_ACIER_160_12M;11067;EIV SAULON (BE);05199;INFRALOG SY NON GERE;N;METRE;68
71020132;V;UPE_ACIER_160_14M;11067;EIV SAULON (BE);05199;INFRALOG SY NON GERE;N;METRE;68
71020133;V;UPE_ACIER_160_15M;11067;EIV SAULON (BE);05199;INFRALOG SY NON GERE;N;METRE;68
71020134;V;UPE_ACIER_160_16M;11067;EIV SAULON (BE);05199;INFRALOG SY NON GERE;N;METRE;68
71020135;V;UPE_ACIER_160_6M;11067;EIV SAULON (BE);05199;INFRALOG SY NON GERE;N;METRE;68
71020136;V;UPE_ACIER_180_12M;11067;EIV SAULON (BE);05199;INFRALOG SY NON GERE;N;METRE;68
71020137;V;UPE_ACIER_180_14M;11067;EIV SAULON (BE);05199;INFRALOG SY NON GERE;N;METRE;68
71020138;V;UPE_ACIER_180_15M;11067;EIV SAULON (BE);05199;INFRALOG SY NON GERE;N;METRE;68
71020139;V;UPE_ACIER_180_16M;11067;EIV SAULON (BE);05199;INFRALOG SY NON GERE;N;METRE;68
71020140;V;UPE_ACIER_180_6M;11067;EIV SAULON (BE);05199;INFRALOG SY NON GERE;N;METRE;68
71020141;V;UPE_ACIER_200_12M;11067;EIV SAULON (BE);05199;INFRALOG SY NON GERE;N;METRE;68
71020142;V;UPE_ACIER_200_14M;11067;EIV SAULON (BE);05199;INFRALOG SY NON GERE;N;METRE;68
71020143;V;UPE_ACIER_200_15M;11067;EIV SAULON (BE);05199;INFRALOG SY NON GERE;N;METRE;68
71020144;V;UPE_ACIER_200_16M;11067;EIV SAULON (BE);05199;INFRALOG SY NON GERE;N;METRE;68
71020145;V;UPE_ACIER_200_6M;11067;EIV SAULON (BE);05199;INFRALOG SY NON GERE;N;METRE;68
71020146;V;UPE_ACIER_80_12M;11067;EIV SAULON (BE);05199;INFRALOG SY NON GERE;N;METRE;68
71020147;V;UPE_ACIER_80_14M;11067;EIV SAULON (BE);05199;INFRALOG SY NON GERE;N;METRE;68
71020148;V;UPE_ACIER_80_15M;11067;EIV SAULON (BE);05199;INFRALOG SY NON GERE;N;METRE;68
71020149;V;UPE_ACIER_80_16M;11067;EIV SAULON (BE);05199;INFRALOG SY NON GERE;N;METRE;68
71020150;V;UPE_ACIER_80_6M;11067;EIV SAULON (BE);05199;INFRALOG SY NON GERE;N;METRE;68
71020151;V;UPN_ACIER_100_12M;11067;EIV SAULON (BE);05199;INFRALOG SY NON GERE;N;METRE;68
71020152;V;UPN_ACIER_100_14M;11067;EIV SAULON (BE);05199;INFRALOG SY NON GERE;N;METRE;68
71020153;V;UPN_ACIER_100_15M;11067;EIV SAULON (BE);05199;INFRALOG SY NON GERE;N;METRE;68
71020154;V;UPN_ACIER_100_16M;11067;EIV SAULON (BE);05199;INFRALOG SY NON GERE;N;METRE;68
71020155;V;UPN_ACIER_100_6M;11067;EIV SAULON (BE);05199;INFRALOG SY NON GERE;N;METRE;68
71020156;V;UPN_ACIER_120_12M;11067;EIV SAULON (BE);05199;INFRALOG SY NON GERE;N;METRE;68
71020157;V;UPN_ACIER_120_14M;11067;EIV SAULON (BE);05199;INFRALOG SY NON GERE;N;METRE;68
71020158;V;UPN_ACIER_120_15M;11067;EIV SAULON (BE);05199;INFRALOG SY NON GERE;N;METRE;68
71020159;V;UPN_ACIER_120_16M;11067;EIV SAULON (BE);05199;INFRALOG SY NON GERE;N;METRE;68
71020160;V;UPN_ACIER_120_6M;11067;EIV SAULON (BE);05199;INFRALOG SY NON GERE;N;METRE;68
71020161;V;UPN_ACIER_140_12M;11067;EIV SAULON (BE);05199;INFRALOG SY NON GERE;N;METRE;68
71020162;V;UPN_ACIER_140_15M;11067;EIV SAULON (BE);05199;INFRALOG SY NON GERE;N;METRE;68
71020163;V;UPN_ACIER_140_16M;11067;EIV SAULON (BE);05199;INFRALOG SY NON GERE;N;METRE;68
71020164;V;UPN_ACIER_140_6M;11067;EIV SAULON (BE);05199;INFRALOG SY NON GERE;N;METRE;68
71020165;V;UPN_ACIER_160_12M;11067;EIV SAULON (BE);05199;INFRALOG SY NON GERE;N;METRE;68
71020166;V;UPN_ACIER_160_14M;11067;EIV SAULON (BE);05199;INFRALOG SY NON GERE;N;METRE;68
71020167;V;UPN_ACIER_160_15M;11067;EIV SAULON (BE);05199;INFRALOG SY NON GERE;N;METRE;68
71020168;V;UPN_ACIER_160_16M;11067;EIV SAULON (BE);05199;INFRALOG SY NON GERE;N;METRE;68
71020169;V;UPN_ACIER_160_6M;11067;EIV SAULON (BE);05199;INFRALOG SY NON GERE;N;METRE;68
71020170;V;UPN_ACIER_260_12M;11067;EIV SAULON (BE);05199;INFRALOG SY NON GERE;N;METRE;68
71020171;V;UPN_ACIER_260_14M;11067;EIV SAULON (BE);05199;INFRALOG SY NON GERE;N;METRE;68
71020172;V;UPN_ACIER_260_15M;11067;EIV SAULON (BE);05199;INFRALOG SY NON GERE;N;METRE;68
71020173;V;UPN_ACIER_260_16M;11067;EIV SAULON (BE);05199;INFRALOG SY NON GERE;N;METRE;68
71020174;V;UPN_ACIER_260_6M;11067;EIV SAULON (BE);05199;INFRALOG SY NON GERE;N;METRE;68
71020175;V;UPN_ACIER_300_12M;11067;EIV SAULON (BE);05199;INFRALOG SY NON GERE;N;METRE;68
71020176;V;UPN_ACIER_300_14M;11067;EIV SAULON (BE);05199;INFRALOG SY NON GERE;N;METRE;68
71020177;V;UPN_ACIER_300_16M;11067;EIV SAULON (BE);05199;INFRALOG SY NON GERE;N;METRE;68
71020178;V;UPN_ACIER_300_6M;11067;EIV SAULON (BE);05199;INFRALOG SY NON GERE;N;METRE;68
71020179;V;PROFIL_H_A LA COUPE;11067;EIV SAULON (BE);05199;INFRALOG SY NON GERE;N;METRE;68
71020200;V;HEA_ACIER_320_16M;11067;EIV SAULON (BE);05199;INFRALOG SY NON GERE;N;METRE;68
71020201;V;HEA_ACIER_180_12M;11067;EIV SAULON (BE);05199;INFRALOG SY NON GERE;N;METRE;68
71020202;V;HEA_ACIER_200_12M;11067;EIV SAULON (BE);05199;INFRALOG SY NON GERE;N;METRE;68
71020203;V;HEA_ACIER_220_12M;11067;EIV SAULON (BE);05199;INFRALOG SY NON GERE;N;METRE;68
71020204;V;HEA_ACIER_300_12M;11067;EIV SAULON (BE);05199;INFRALOG SY NON GERE;N;METRE;68
71020205;V;HEB_ACIER_280_15M;11067;EIV SAULON (BE);05199;INFRALOG SY NON GERE;N;METRE;68
71020206;V;HEB_ACIER_320_16M;11067;EIV SAULON (BE);05199;INFRALOG SY NON GERE;N;METRE;68
71020207;V;HEB_ACIER_240_12M;11067;EIV SAULON (BE);05199;INFRALOG SY NON GERE;N;METRE;68
71020208;V;UPN_ACIER_220_14M;11067;EIV SAULON (BE);05199;INFRALOG SY NON GERE;N;METRE;68
71020209;V;UPN_ACIER_260_14M;11067;EIV SAULON (BE);05199;INFRALOG SY NON GERE;N;METRE;68
71020210;V;UPN_ACIER_260_15M;11067;EIV SAULON (BE);05199;INFRALOG SY NON GERE;N;METRE;68
71020211;V;UPN_ACIER_300_14M;11067;EIV SAULON (BE);05199;INFRALOG SY NON GERE;N;METRE;68
71020212;V;UPN_ACIER_300_15M;11067;EIV SAULON (BE);05199;INFRALOG SY NON GERE;N;METRE;68
71020214;V;PLAT_ _300X10_6M;11067;EIV SAULON (BE);05199;INFRALOG SY NON GERE;N;METRE;68
71020220;V;CARRE ACIER 28X28 6M;11067;EIV SAULON (BE);05199;INFRALOG SY NON GERE;N;METRE;68
71020221;V;PLAT ACIER 10 EP 5MM L 6M;11067;EIV SAULON (BE);05199;INFRALOG SY NON GERE;N;METRE;68
71020222;V;CARRE ACIER 8MM L 6 M;11067;EIV SAULON (BE);05199;INFRALOG SY NON GERE;N;METRE;68
71020223;V;ROND ACIER DIAM  8 L 6 M;11067;EIV SAULON (BE);05199;INFRALOG SY NON GERE;N;METRE;68
71020224;V;PLAT ACIER 20 EP 3MM L 6M;11067;EIV SAULON (BE);05199;INFRALOG SY NON GERE;N;METRE;68
71020225;V;PLAT ACIER 20 EP 4MM L 6M;11067;EIV SAULON (BE);05199;INFRALOG SY NON GERE;N;METRE;68
71020226;V;PLAT ACIER 20 EP 5MM L 6M;11067;EIV SAULON (BE);05199;INFRALOG SY NON GERE;N;METRE;68
71020227;V;PLAT ACIER 20 EP 8MM L 6M;11067;EIV SAULON (BE);05199;INFRALOG SY NON GERE;N;METRE;68
71020228;V;PLAT ACIER 20 EP 10MM L 6M;11067;EIV SAULON (BE);05199;INFRALOG SY NON GERE;N;METRE;68
71020229;V;PLAT ACIER 20 EP 15MM L 6M;11067;EIV SAULON (BE);05199;INFRALOG SY NON GERE;N;METRE;68
71020230;V;PLAT ACIER 25 EP 3MM L 6M;11067;EIV SAULON (BE);05199;INFRALOG SY NON GERE;N;METRE;68
71020231;V;PLAT ACIER 25 EP 4MM L 6M;11067;EIV SAULON (BE);05199;INFRALOG SY NON GERE;N;METRE;68
71020232;V;PLAT ACIER 25 EP 5MM L 6M;11067;EIV SAULON (BE);05199;INFRALOG SY NON GERE;N;METRE;68
71020233;V;PLAT ACIER 25 EP 6MM L 6M;11067;EIV SAULON (BE);05199;INFRALOG SY NON GERE;N;METRE;68
71020234;V;PLAT ACIER 25 EP 8MM L 6M;11067;EIV SAULON (BE);05199;INFRALOG SY NON GERE;N;METRE;68
71020235;V;PLAT ACIER 25 EP 10MM L 6M;11067;EIV SAULON (BE);05199;INFRALOG SY NON GERE;N;METRE;68
71020236;V;PLAT ACIER 30 EP 3MM L 6M;11067;EIV SAULON (BE);05199;INFRALOG SY NON GERE;N;METRE;68
71020237;V;PLAT ACIER 30 EP 4MM L 6M;11067;EIV SAULON (BE);05199;INFRALOG SY NON GERE;N;METRE;68
71020238;V;PLAT ACIER 30 EP 5MM L 6M;11067;EIV SAULON (BE);05199;INFRALOG SY NON GERE;N;METRE;68
71020239;V;PLAT ACIER 30 EP 6MM L 6M;11067;EIV SAULON (BE);05199;INFRALOG SY NON GERE;N;METRE;68
71020240;V;PLAT ACIER 30 EP 10MM L 6M;11067;EIV SAULON (BE);05199;INFRALOG SY NON GERE;N;METRE;68
71020241;V;PLAT ACIER 30 EP 15MM L 6M;11067;EIV SAULON (BE);05199;INFRALOG SY NON GERE;N;METRE;68
71020242;V;PLAT ACIER 30 EP 20MM L 6M;11067;EIV SAULON (BE);05199;INFRALOG SY NON GERE;N;METRE;68
71020243;V;PLAT ACIER 35 EP 4MM L 6M;11067;EIV SAULON (BE);05199;INFRALOG SY NON GERE;N;METRE;68
71020244;V;PLAT ACIER 35 EP 6MM L 6M;11067;EIV SAULON (BE);05199;INFRALOG SY NON GERE;N;METRE;68
71020245;V;PLAT ACIER 35 EP 10MM L 6M;11067;EIV SAULON (BE);05199;INFRALOG SY NON GERE;N;METRE;68
71020246;V;PLAT ACIER 40 EP 4MM L 6M;11067;EIV SAULON (BE);05199;INFRALOG SY NON GERE;N;METRE;68
71020247;V;PLAT ACIER 40 EP 5MM L 6M;11067;EIV SAULON (BE);05199;INFRALOG SY NON GERE;N;METRE;68
71020248;V;PLAT ACIER 40 EP 6MM L 6M;11067;EIV SAULON (BE);05199;INFRALOG SY NON GERE;N;METRE;68
71020249;V;PLAT ACIER 40 EP 8MM L 6M;11067;EIV SAULON (BE);05199;INFRALOG SY NON GERE;N;METRE;68
71020250;V;PLAT ACIER 40 EP 12MM L 6M;11067;EIV SAULON (BE);05199;INFRALOG SY NON GERE;N;METRE;68
71020251;V;PLAT ACIER 40 EP 15MM L 6M;11067;EIV SAULON (BE);05199;INFRALOG SY NON GERE;N;METRE;68
71020252;V;PLAT ACIER 40 EP 20MM L 6M;11067;EIV SAULON (BE);05199;INFRALOG SY NON GERE;N;METRE;68
71020253;V;PLAT ACIER 45 EP 5MM L 6M;11067;EIV SAULON (BE);05199;INFRALOG SY NON GERE;N;METRE;68
71020254;V;PLAT ACIER 50 EP 4MM L 6M;11067;EIV SAULON (BE);05199;INFRALOG SY NON GERE;N;METRE;68
71020255;V;PLAT ACIER 50 EP 5MM L 6M;11067;EIV SAULON (BE);05199;INFRALOG SY NON GERE;N;METRE;68
71020256;V;PLAT ACIER 50 EP 6MM L 6M;11067;EIV SAULON (BE);05199;INFRALOG SY NON GERE;N;METRE;68
71020257;V;PLAT ACIER 50 EP 10MM L 6M;11067;EIV SAULON (BE);05199;INFRALOG SY NON GERE;N;METRE;68
71020258;V;PLAT ACIER 50 EP 12MM L 6M;11067;EIV SAULON (BE);05199;INFRALOG SY NON GERE;N;METRE;68
71020259;V;PLAT ACIER 50 EP 15MM L 6M;11067;EIV SAULON (BE);05199;INFRALOG SY NON GERE;N;METRE;68
71020260;V;PLAT ACIER 50 EP 20MM L 6M;11067;EIV SAULON (BE);05199;INFRALOG SY NON GERE;N;METRE;68
71020261;V;PLAT ACIER 60 EP 4MM L 6M;11067;EIV SAULON (BE);05199;INFRALOG SY NON GERE;N;METRE;68
71020262;V;PLAT ACIER 60 EP 5MM L 6M;11067;EIV SAULON (BE);05199;INFRALOG SY NON GERE;N;METRE;68
71020263;V;PLAT ACIER 60 EP 6MM L 6M;11067;EIV SAULON (BE);05199;INFRALOG SY NON GERE;N;METRE;68
71020264;V;PLAT ACIER 60 EP 12MM L 6M;11067;EIV SAULON (BE);05199;INFRALOG SY NON GERE;N;METRE;68
71020265;V;PLAT ACIER 60 EP 15MM L 6M;11067;EIV SAULON (BE);05199;INFRALOG SY NON GERE;N;METRE;68
71020266;V;PLAT ACIER 60 EP 20MM L 6M;11067;EIV SAULON (BE);05199;INFRALOG SY NON GERE;N;METRE;68
71020267;V;PLAT ACIER 60 EP 25MM L 6M;11067;EIV SAULON (BE);05199;INFRALOG SY NON GERE;N;METRE;68
71020268;V;PLAT ACIER 60 EP 30MM L 6M;11067;EIV SAULON (BE);05199;INFRALOG SY NON GERE;N;METRE;68
71020269;V;PLAT ACIER 60 EP 40MM L 6M;11067;EIV SAULON (BE);05199;INFRALOG SY NON GERE;N;METRE;68
71020270;V;PLAT ACIER 70 EP 5MM L 6M;11067;EIV SAULON (BE);05199;INFRALOG SY NON GERE;N;METRE;68
71020272;V;PLAT ACIER 70 EP 20MM L 6M;11067;EIV SAULON (BE);05199;INFRALOG SY NON GERE;N;METRE;68
71020273;V;PLAT ACIER 80 EP 5MM L 6M;11067;EIV SAULON (BE);05199;INFRALOG SY NON GERE;N;METRE;68
71020274;V;PLAT ACIER 80 EP 6MM L 6M;11067;EIV SAULON (BE);05199;INFRALOG SY NON GERE;N;METRE;68
71020275;V;PLAT ACIER 80 EP 8MM L 6M;11067;EIV SAULON (BE);05199;INFRALOG SY NON GERE;N;METRE;68
71020276;V;PLAT ACIER 80 EP 12MM L 6M;11067;EIV SAULON (BE);05199;INFRALOG SY NON GERE;N;METRE;68
71020277;V;PLAT ACIER 80 EP 15MM L 6M;11067;EIV SAULON (BE);05199;INFRALOG SY NON GERE;N;METRE;68
71020278;V;PLAT ACIER 80 EP 20MM L 6M;11067;EIV SAULON (BE);05199;INFRALOG SY NON GERE;N;METRE;68
71020279;V;PLAT ACIER 80 EP 30MM L 6M;11067;EIV SAULON (BE);05199;INFRALOG SY NON GERE;N;METRE;68
71020280;V;PLAT ACIER 90 EP 5MM L 6M;11067;EIV SAULON (BE);05199;INFRALOG SY NON GERE;N;METRE;68
71020281;V;PLAT ACIER 90 EP 10MM L 6M;11067;EIV SAULON (BE);05199;INFRALOG SY NON GERE;N;METRE;68
71020282;V;PLAT ACIER 90 EP 12MM L 6M;11067;EIV SAULON (BE);05199;INFRALOG SY NON GERE;N;METRE;68
71020283;V;PLAT ACIER 100 EP 5MM L 6M;11067;EIV SAULON (BE);05199;INFRALOG SY NON GERE;N;METRE;68
71020284;V;PLAT ACIER 100 EP 6MM L 6M;11067;EIV SAULON (BE);05199;INFRALOG SY NON GERE;N;METRE;68
71020285;V;PLAT ACIER 100 EP 12MM L 6M;11067;EIV SAULON (BE);05199;INFRALOG SY NON GERE;N;METRE;68
71020286;V;PLAT ACIER 100 EP 20MM L 6M;11067;EIV SAULON (BE);05199;INFRALOG SY NON GERE;N;METRE;68
71020287;V;PLAT ACIER 120 EP 8MM L 6M;11067;EIV SAULON (BE);05199;INFRALOG SY NON GERE;N;METRE;68
71020288;V;PLAT ACIER 120 EP 15MM L 6M;11067;EIV SAULON (BE);05199;INFRALOG SY NON GERE;N;METRE;68
71020289;V;PLAT ACIER 140 EP 10MM L 6M;11067;EIV SAULON (BE);05199;INFRALOG SY NON GERE;N;METRE;68
71020290;V;PLAT ACIER 150 EP 5MM L 6M;11067;EIV SAULON (BE);05199;INFRALOG SY NON GERE;N;METRE;68
71020291;V;PLAT ACIER 150 EP 8MM L 6M;11067;EIV SAULON (BE);05199;INFRALOG SY NON GERE;N;METRE;68
71020292;V;PLAT ACIER 150 EP 10MM L 6M;11067;EIV SAULON (BE);05199;INFRALOG SY NON GERE;N;METRE;68
71020293;V;PLAT ACIER 150 EP 15MM L 6M;11067;EIV SAULON (BE);05199;INFRALOG SY NON GERE;N;METRE;68
71020294;V;PLAT ACIER 160 EP 8MM L 6M;11067;EIV SAULON (BE);05199;INFRALOG SY NON GERE;N;METRE;68
71020295;V;PLAT ACIER 160 EP 10MM L 6M;11067;EIV SAULON (BE);05199;INFRALOG SY NON GERE;N;METRE;68
71020296;V;PLAT ACIER 160 EP 12MM L 6M;11067;EIV SAULON (BE);05199;INFRALOG SY NON GERE;N;METRE;68
71020297;V;PLAT ACIER 180 EP 6MM L 6M;11067;EIV SAULON (BE);05199;INFRALOG SY NON GERE;N;METRE;68
71020298;V;PLAT ACIER 180 EP 8MM L 6M;11067;EIV SAULON (BE);05199;INFRALOG SY NON GERE;N;METRE;68
71020299;V;PLAT ACIER 200 EP 6MM L 6M;11067;EIV SAULON (BE);05199;INFRALOG SY NON GERE;N;METRE;68
71020300;V;PLAT ACIER 200 EP 10MM L 6M;11067;EIV SAULON (BE);05199;INFRALOG SY NON GERE;N;METRE;68
71020301;V;PLAT ACIER 200 EP 12MM L 6M;11067;EIV SAULON (BE);05199;INFRALOG SY NON GERE;N;METRE;68
71020302;V;CARRE ACIER 20MM L 6 M;11067;EIV SAULON (BE);05199;INFRALOG SY NON GERE;N;METRE;68
71020303;V;CARRE ACIER 30MM L 6 M;11067;EIV SAULON (BE);05199;INFRALOG SY NON GERE;N;METRE;68
71020304;V;CARRE ACIER 40MM L 6 M;11067;EIV SAULON (BE);05199;INFRALOG SY NON GERE;N;METRE;68
71020305;V;ROND ACIER DIAM  10 L 6 M;11067;EIV SAULON (BE);05199;INFRALOG SY NON GERE;N;METRE;68
71020306;V;ROND ACIER DIAM  12 L 6 M;11067;EIV SAULON (BE);05199;INFRALOG SY NON GERE;N;METRE;68
71020307;V;ROND ACIER DIAM  14 L 6 M;11067;EIV SAULON (BE);05199;INFRALOG SY NON GERE;N;METRE;68
71020308;V;ROND ACIER DIAM  16 L 6 M;11067;EIV SAULON (BE);05199;INFRALOG SY NON GERE;N;METRE;68
71020309;V;ROND ACIER DIAM  20 L 6 M;11067;EIV SAULON (BE);05199;INFRALOG SY NON GERE;N;METRE;68
71020310;V;ROND ACIER DIAM  30 L 6 M;11067;EIV SAULON (BE);05199;INFRALOG SY NON GERE;N;METRE;68
71020311;V;ROND ACIER DIAM 35 L 6 M;11067;EIV SAULON (BE);05199;INFRALOG SY NON GERE;N;METRE;68
71020312;V;ROND ACIER DIAM  40 L 6 M;11067;EIV SAULON (BE);05199;INFRALOG SY NON GERE;N;METRE;68
71020313;V;ROND ACIER DIAM  50 L 6 M;11067;EIV SAULON (BE);05199;INFRALOG SY NON GERE;N;METRE;68
71021990;V;HEA_ACIER_280_14M;11067;EIV SAULON (BE);05199;INFRALOG SY NON GERE;N;METRE;68
71030002;V;UAC ACIER DE 30 X 15 EP 4;11067;EIV SAULON (BE);05199;INFRALOG SY NON GERE;N;METRE;68
71030003;V;UAC ACIER 40 X 20 EP 5 - L 6M;11067;EIV SAULON (BE);05199;INFRALOG SY NON GERE;N;METRE;68
71030004;V;UAC ACIER 50 X 25 EP 5 - L 6M;11067;EIV SAULON (BE);05199;INFRALOG SY NON GERE;N;METRE;68
71030005;V;CORN ACIER 40 X 40 EP 4 L 6 M;11067;EIV SAULON (BE);05199;INFRALOG SY NON GERE;N;METRE;68
71030006;V;CORN ACIER 60 X 60 EP 6 L 6 M;11067;EIV SAULON (BE);05199;INFRALOG SY NON GERE;N;METRE;68
71030007;V;CORN ACIER 30 X 20 EP 3 L 6 M;11067;EIV SAULON (BE);05199;INFRALOG SY NON GERE;N;METRE;68
71030008;V;CORN ACIER 40 X 25 EP 4 L 6 M;11067;EIV SAULON (BE);05199;INFRALOG SY NON GERE;N;METRE;68
71030009;V;CORN ACIER 50 X 30 EP 5 L 6 M;11067;EIV SAULON (BE);05199;INFRALOG SY NON GERE;N;METRE;68
71030010;V;CORN ACIER 70 X 50 EP 6 L 6 M;11067;EIV SAULON (BE);05199;INFRALOG SY NON GERE;N;METRE;68
71030011;V;CORN ACIER 90 X 70 EP 8 L 6 M;11067;EIV SAULON (BE);05199;INFRALOG SY NON GERE;N;METRE;68
71030012;V;CORN ACIER 100 X 75 EP 9 L 6 M;11067;EIV SAULON (BE);05199;INFRALOG SY NON GERE;N;METRE;68
71030013;V;CORN ACIER 120 X 80 EP 10 L 6M;11067;EIV SAULON (BE);05199;INFRALOG SY NON GERE;N;METRE;68
71030014;V;HEA ACIER DE 240 L 12M;11067;EIV SAULON (BE);05199;INFRALOG SY NON GERE;N;METRE;68
71030015;V;HEA ACIER DE 260 L 12M;11067;EIV SAULON (BE);05199;INFRALOG SY NON GERE;N;METRE;68
71030016;V;HEA ACIER DE 260 L 14M;11067;EIV SAULON (BE);05199;INFRALOG SY NON GERE;N;METRE;68
71030017;V;HEA ACIER DE 300 L 12M;11067;EIV SAULON (BE);05199;INFRALOG SY NON GERE;N;METRE;68
71030018;V;HEA ACIER DE 300 L 14M;11067;EIV SAULON (BE);05199;INFRALOG SY NON GERE;N;METRE;68
71030019;V;HEA ACIER DE 300 L 15M;11067;EIV SAULON (BE);05199;INFRALOG SY NON GERE;N;METRE;68
71030020;V;HEA ACIER DE 300 L 16M;11067;EIV SAULON (BE);05199;INFRALOG SY NON GERE;N;METRE;68
71030021;V;HEB ACIER DE 140 L 6M;11067;EIV SAULON (BE);05199;INFRALOG SY NON GERE;N;METRE;68
71030022;V;HEB ACIER DE 140 L 12M;11067;EIV SAULON (BE);05199;INFRALOG SY NON GERE;N;METRE;68
71030023;V;HEB ACIER DE 160 L 12M;11067;EIV SAULON (BE);05199;INFRALOG SY NON GERE;N;METRE;68
71030024;V;HEB ACIER DE 240 L 12M;11067;EIV SAULON (BE);05199;INFRALOG SY NON GERE;N;METRE;68
71030025;V;HEB ACIER DE 240 L 14M;11067;EIV SAULON (BE);05199;INFRALOG SY NON GERE;N;METRE;68
71030026;V;HEB ACIER DE 240 L 15M;11067;EIV SAULON (BE);05199;INFRALOG SY NON GERE;N;METRE;68
71030027;V;HEB ACIER DE 240 L 16M;11067;EIV SAULON (BE);05199;INFRALOG SY NON GERE;N;METRE;68
71030028;V;HEB ACIER DE 260 L 12M;11067;EIV SAULON (BE);05199;INFRALOG SY NON GERE;N;METRE;68
71030029;V;HEB ACIER DE 260 L 14M;11067;EIV SAULON (BE);05199;INFRALOG SY NON GERE;N;METRE;68
71030030;V;HEB ACIER DE 260 L 15M;11067;EIV SAULON (BE);05199;INFRALOG SY NON GERE;N;METRE;68
71030031;V;HEB ACIER DE 260 L 16M;11067;EIV SAULON (BE);05199;INFRALOG SY NON GERE;N;METRE;68
71030032;V;HEB ACIER DE 300 L 12M;11067;EIV SAULON (BE);05199;INFRALOG SY NON GERE;N;METRE;68
71030033;V;HEB ACIER DE 300 L 14M;11067;EIV SAULON (BE);05199;INFRALOG SY NON GERE;N;METRE;68
71030034;V;HEB ACIER DE 300 L 15M;11067;EIV SAULON (BE);05199;INFRALOG SY NON GERE;N;METRE;68
71030035;V;UPN ACIER  DE 80 L 6M;11067;EIV SAULON (BE);05199;INFRALOG SY NON GERE;N;METRE;68
71030036;V;UPN ACIER  DE 80 L 14M;11067;EIV SAULON (BE);05199;INFRALOG SY NON GERE;N;METRE;68
71030037;V;UPN ACIER  DE 80 L 15M;11067;EIV SAULON (BE);05199;INFRALOG SY NON GERE;N;METRE;68
71030038;V;UPN ACIER  DE 80 L 16M;11067;EIV SAULON (BE);05199;INFRALOG SY NON GERE;N;METRE;68
71030039;V;UPN ACIER  DE 180 L 6M;11067;EIV SAULON (BE);05199;INFRALOG SY NON GERE;N;METRE;68
71030040;V;UPN ACIER  DE 180 L 12M;11067;EIV SAULON (BE);05199;INFRALOG SY NON GERE;N;METRE;68
71030041;V;UPN ACIER  DE 180 L 14M;11067;EIV SAULON (BE);05199;INFRALOG SY NON GERE;N;METRE;68
71030042;V;UPN ACIER  DE 180 L 15M;11067;EIV SAULON (BE);05199;INFRALOG SY NON GERE;N;METRE;68
71030043;V;UPN ACIER  DE 180 L 16M;11067;EIV SAULON (BE);05199;INFRALOG SY NON GERE;N;METRE;68
71030044;V;UPN ACIER  DE 220 L 12M;11067;EIV SAULON (BE);05199;INFRALOG SY NON GERE;N;METRE;68
71030045;V;UPN ACIER  DE 220 L 14M;11067;EIV SAULON (BE);05199;INFRALOG SY NON GERE;N;METRE;68
71030046;V;IPE ACIER DE 100 L 6M;11067;EIV SAULON (BE);05199;INFRALOG SY NON GERE;N;METRE;68
71030047;V;IPE ACIER DE 100 L 12M;11067;EIV SAULON (BE);05199;INFRALOG SY NON GERE;N;METRE;68
71030048;V;IPE ACIER DE 120 L 6M;11067;EIV SAULON (BE);05199;INFRALOG SY NON GERE;N;METRE;68
71030049;V;IPE ACIER DE 120 L 12M;11067;EIV SAULON (BE);05199;INFRALOG SY NON GERE;N;METRE;68
71200001;V;TOL LCN S235JRG2 U 1250 2500 1;11067;EIV SAULON (BE);05199;INFRALOG SY NON GERE;N;METRE;68
71200021;V;TOLE ACIER LAR EP5/7 2500X1250;11067;EIV SAULON (BE);05199;INFRALOG SY NON GERE;N;PIECE;68
71250092;V;TOLE ACIER LAMI EP 1 2000X1000;11067;EIV SAULON (BE);05199;INFRALOG SY NON GERE;N;PIECE;68
71250093;V;TOLE ACIER LAMI EP 2 2000X1000;11067;EIV SAULON (BE);05199;INFRALOG SY NON GERE;N;PIECE;68
71250094;V;TOLE ACIER LAMI EP 2 2500X1250;11067;EIV SAULON (BE);05199;INFRALOG SY NON GERE;N;PIECE;68
71250095;V;TOLE ACIER LAM EP2.5 2000X1000;11067;EIV SAULON (BE);05199;INFRALOG SY NON GERE;N;PIECE;68
71260031;V;TOLE ACIER 2000X1000 EP 4MM;11067;EIV SAULON (BE);05199;INFRALOG SY NON GERE;N;PIECE;68
71260033;V;TOLE ACIER 2500X1250 EP 4MM;11067;EIV SAULON (BE);05199;INFRALOG SY NON GERE;N;PIECE;68
71260034;V;TOLE ACIER LAMI EP 3 2000X1000;11067;EIV SAULON (BE);05199;INFRALOG SY NON GERE;N;PIECE;68
71270011;V;TOLE ACIER 2000X1000 EP 6MM;11067;EIV SAULON (BE);05199;INFRALOG SY NON GERE;N;PIECE;68
71270012;V;TOLE ACIER 2500X1250 EP 6MM;11067;EIV SAULON (BE);05199;INFRALOG SY NON GERE;N;PIECE;68
71270013;V;TOLE ACIER 2000X1000 EP 8MM;11067;EIV SAULON (BE);05199;INFRALOG SY NON GERE;N;PIECE;68
71270014;V;TOLE ACIER 2500X1250 EP 8MM;11067;EIV SAULON (BE);05199;INFRALOG SY NON GERE;N;PIECE;68
71270015;V;TOLE ACIER 2500X1250 EP 10MM;11067;EIV SAULON (BE);05199;INFRALOG SY NON GERE;N;PIECE;68
71270016;V;TOLE ACIER 2000X1000 EP 12MM;11067;EIV SAULON (BE);05199;INFRALOG SY NON GERE;N;PIECE;68
71270017;V;TOLE ACIER 2500X1250 EP 12MM;11067;EIV SAULON (BE);05199;INFRALOG SY NON GERE;N;PIECE;68
71270018;V;TOLE ACIER 2000X1000 EP 14MM;11067;EIV SAULON (BE);05199;INFRALOG SY NON GERE;N;PIECE;68
71270019;V;TOLE ACIER 2500X1250 EP 14MM;11067;EIV SAULON (BE);05199;INFRALOG SY NON GERE;N;PIECE;68
71270020;V;TOLE ACIER 2000X1000 EP 16MM;11067;EIV SAULON (BE);05199;INFRALOG SY NON GERE;N;PIECE;68
71270021;V;TOLE ACIER 2500X1250 EP 16MM;11067;EIV SAULON (BE);05199;INFRALOG SY NON GERE;N;PIECE;68
71270022;V;TOLE ACIER 2000X1000 EP 20MM;11067;EIV SAULON (BE);05199;INFRALOG SY NON GERE;N;PIECE;68
71270023;V;TOLE ACIER 2500X1250 EP 20MM;11067;EIV SAULON (BE);05199;INFRALOG SY NON GERE;N;PIECE;68
71270024;V;TOLE ACIER 2000X1000 EP 25MM;11067;EIV SAULON (BE);05199;INFRALOG SY NON GERE;N;PIECE;68
71270025;V;TOLE ACIER 2500X1250 EP 25MM;11067;EIV SAULON (BE);05199;INFRALOG SY NON GERE;N;PIECE;68
71270026;V;TOLE ACIER 2000X1000 EP 30MM;11067;EIV SAULON (BE);05199;INFRALOG SY NON GERE;N;PIECE;68
71270027;V;TOLE ACIER 2500X1250 EP 30MM;11067;EIV SAULON (BE);05199;INFRALOG SY NON GERE;N;PIECE;68
71270028;V;TOLE ACIER 2500X1250 EP 35MM;11067;EIV SAULON (BE);05199;INFRALOG SY NON GERE;N;PIECE;68
71270029;V;TOLE ACIER LAMI EP 5 2000X1000;11067;EIV SAULON (BE);05199;INFRALOG SY NON GERE;N;PIECE;68
71270030;V;TOLE ACIER LAMI EP 5 2500X1250;11067;EIV SAULON (BE);05199;INFRALOG SY NON GERE;N;PIECE;68
71270031;V;TOLE ACIER LAMI EP15 2000X1000;11067;EIV SAULON (BE);05199;INFRALOG SY NON GERE;N;PIECE;68
71300003;V;TUB SOUDE ROND D 21,3E 2,3L 6M;11067;EIV SAULON (BE);05199;INFRALOG SY NON GERE;N;METRE;68
71300004;V;TUB SOUDE ROND D 26,9E 2,3L 6M;11067;EIV SAULON (BE);05199;INFRALOG SY NON GERE;N;METRE;68
71300005;V;TUBE SOUDE CARRE 50X50EP 3L 6M;11067;EIV SAULON (BE);05199;INFRALOG SY NON GERE;N;METRE;68
71300006;V;TUBE SOUDE CARRE 80X80EP 3L 6M;11067;EIV SAULON (BE);05199;INFRALOG SY NON GERE;N;METRE;68
71604521;V;BOULON H,M8-120/22,E.H,ZING.;05410;IG.SF 65;05199;INFRALOG SY NON GERE;N;PIECE;68
71614130;V;BOULON J,M8-120 N,E.HT;05410;IG.SF 65;05199;INFRALOG SY NON GERE;N;PIECE;68
71634874;V;VIS H, M12X30;10263;CIO PX VOITURES;05199;INFRALOG SY NON GERE;N;PIECE;68
71635669;V;VIS CLS,M3 X 12;12050;NVR CIC VIS AS BOUL;05199;INFRALOG SY NON GERE;N;PIECE;68
71635690;V;VIS FS, M5-16;56866;TI RENNES VIS TETE F;05199;INFRALOG SY NON GERE;N;PIECE;68
71636728;V;VIS H, M18 X 90;05410;IG.SF 65;05199;INFRALOG SY NON GERE;N;BOITE;68
71636744;V;VIS H, M12X55;10263;CIO PX VOITURES;05199;INFRALOG SY NON GERE;N;PIECE;68
71636822;V;VIS H, M12X120;00935;V VOM DIV OUVR METAL;05199;INFRALOG SY NON GERE;N;PIECE;68
71674783;V;ECROU H,M16,INOX;05460;DTII TE CE CAT;05199;INFRALOG SY NON GERE;N;PIECE;68
71675039;V;ECROU H,M7;00935;V VOM DIV OUVR METAL;05199;INFRALOG SY NON GERE;N;PIECE;68
71684350;V;RONDELLE PLATE M6-A2-200H;22682;PICARDIE - RT ASBOUL;05199;INFRALOG SY NON GERE;N;PIECE;68
71684457;V;RONDELLE M 10,INOX;22682;PICARDIE - RT ASBOUL;05199;INFRALOG SY NON GERE;N;PIECE;68
71694645;V;GOUPILLE ELASTIQUE E 4-50;31105;DIR INFRA IVMR5;05199;INFRALOG SY NON GERE;N;PIECE;68
71694646;V;GOUPILLE ACIER INOX V4-32;05460;DTII TE CE CAT;05199;INFRALOG SY NON GERE;N;PIECE;68
71694687;V;GOUPILLE V4-45;05460;DTII TE CE CAT;05199;INFRALOG SY NON GERE;N;PIECE;68
71694730;V;GOUPILLE V 3,2-45.;00935;V VOM DIV OUVR METAL;05182;INFRALOG MMV3;N;PIECE;68
71710003;V;POINTE TORSADEE TP 3,00X60;25813;EIV MOULINNEUF;05199;INFRALOG SY NON GERE;N;KG;68
71734368;V;RIVET AVEUGLE P,5-35;05341;DTR DGII VA T;05199;INFRALOG SY NON GERE;N;PIECE;68
71734369;V;RIVET AVEUGLE P,5-20;05341;DTR DGII VA T;05199;INFRALOG SY NON GERE;N;PIECE;68
71734501;V;RIVET R 5.40;05410;IG.SF 65;05199;INFRALOG SY NON GERE;N;PIECE;68
71734506;V;RIVET R 8.60;05410;IG.SF 65;05199;INFRALOG SY NON GERE;N;PIECE;68
71804071;V;CONTRE-ECROU 1 POUCE;47026;EIV QUERCY CORREZ BA;00940;EIV BRIVE GR;N;PIECE;68
71894287;V;ANNEAU TRUARC SELF LOCKING,EXT;11078;EIV ST DIZIER-BE;05199;INFRALOG SY NON GERE;N;PIECE;68
71894539;V;RONDELLE CS, 10-20-1,6;05460;DTII TE CE CAT;05199;INFRALOG SY NON GERE;N;PIECE;68
71894541;V;RONDELLE CS, 10-22-1,6;05460;DTII TE CE CAT;05199;INFRALOG SY NON GERE;N;PIECE;68
71894542;V;RONDELLE CS, 14-30-2,4;05460;DTII TE CE CAT;05182;INFRALOG MMV3;N;PIECE;68
71894543;V;RONDELLE CS,10-27-1,8;11067;EIV SAULON (BE);05199;INFRALOG SY NON GERE;N;PIECE;68
71894544;V;RONDELLE CS, 12-32-2;05460;DTII TE CE CAT;05199;INFRALOG SY NON GERE;N;PIECE;68
71894563;V;RONDELLE CS, 12-27-1,8;05460;DTII TE CE CAT;05199;INFRALOG SY NON GERE;N;PIECE;68
71894709;V;RONDELLE CS, 16-32-2,8;05460;DTII TE CE CAT;05199;INFRALOG SY NON GERE;N;PIECE;68
71934785;V;COLLIER POLYAMIDE L=140 MM;47026;EIV QUERCY CORREZ BA;05199;INFRALOG SY NON GERE;N;PIECE;68
71941500;V;PANNEAU DECHETS AEROSOLS M;19606;DIR. TECH  DD;05199;INFRALOG SY NON GERE;N;PIECE;68
71941501;V;PANNEAU DECHETS PEINTURE M;19606;DIR. TECH  DD;05199;INFRALOG SY NON GERE;N;PIECE;68
71941502;V;PANNEAU DECHETS CHIFFONS M;19606;DIR. TECH  DD;05199;INFRALOG SY NON GERE;N;PIECE;68
71941503;V;PANNEAU DECHETS EMBALLAGES M;19606;DIR. TECH  DD;05199;INFRALOG SY NON GERE;N;PIECE;68
71941504;V;PANNEAU DECHETS DEEE M;19606;DIR. TECH  DD;05199;INFRALOG SY NON GERE;N;PIECE;68
71941505;V;PANNEAU DECHETS PILES - 5KG M;19606;DIR. TECH  DD;05199;INFRALOG SY NON GERE;N;PIECE;68
71941506;V;PANNEAU DECHETS ACCU + 5 KG M;19606;DIR. TECH  DD;05199;INFRALOG SY NON GERE;N;PIECE;68
71941507;V;PANNEAU DECHETS BATTERIES PB M;19606;DIR. TECH  DD;05199;INFRALOG SY NON GERE;N;PIECE;68
71941508;V;PANNEAU DECHETS GRAISSES M;19606;DIR. TECH  DD;05199;INFRALOG SY NON GERE;N;PIECE;68
71941509;V;PANNEAU DECHETS FILTRES M;19606;DIR. TECH  DD;05199;INFRALOG SY NON GERE;N;PIECE;68
71941510;V;PANNEAU DECHETS HUILES M;19606;DIR. TECH  DD;05199;INFRALOG SY NON GERE;N;PIECE;68
71941511;V;PANNEAU DECHETS AMIANTE M;19606;DIR. TECH  DD;05199;INFRALOG SY NON GERE;N;PIECE;68
71941512;V;PANNEAU DECHETS CARTOUCHES M;19606;DIR. TECH  DD;05199;INFRALOG SY NON GERE;N;PIECE;68
71941513;V;PANNEAU DECHETS AMPOULES M;19606;DIR. TECH  DD;05199;INFRALOG SY NON GERE;N;PIECE;68
71941514;V;PANNEAU DECHETS CARTONS M;19606;DIR. TECH  DD;05199;INFRALOG SY NON GERE;N;PIECE;68
71941515;V;PANNEAU DECHETS FER + 5 MM M;19606;DIR. TECH  DD;05199;INFRALOG SY NON GERE;N;PIECE;68
71941516;V;PANNEAU DECHETS FER - 5MM M;19606;DIR. TECH  DD;05199;INFRALOG SY NON GERE;N;PIECE;68
71941517;V;PANNEAU DECHETS BOIS M;19606;DIR. TECH  DD;05199;INFRALOG SY NON GERE;N;PIECE;68
71941518;V;PANNEAU DECHETS MET NON FER M;19606;DIR. TECH  DD;05199;INFRALOG SY NON GERE;N;PIECE;68
71941519;V;PANNEAU DECHETS DND M;19606;DIR. TECH  DD;05199;INFRALOG SY NON GERE;N;PIECE;68
71941520;V;PANNEAU DECHETS TRAVERS BOIS M;19606;DIR. TECH  DD;05199;INFRALOG SY NON GERE;N;PIECE;68
71941521;V;PANNEAU DECHETS BETON M;19606;DIR. TECH  DD;05199;INFRALOG SY NON GERE;N;PIECE;68
71941522;V;PANNEAU DECHETS BALLAST M;19606;DIR. TECH  DD;05199;INFRALOG SY NON GERE;N;PIECE;68
71941523;V;PANNEAU DECHETS BUTEES M;19606;DIR. TECH  DD;05199;INFRALOG SY NON GERE;N;PIECE;68
71941524;V;PANNEAU DECHETS RAILS M;19606;DIR. TECH  DD;05199;INFRALOG SY NON GERE;N;PIECE;68
71941525;V;PANNEAU DECHETS MONOBLOC M;19606;DIR. TECH  DD;05199;INFRALOG SY NON GERE;N;PIECE;68
71941526;V;PANNEAU DECHETS BIBLOCS M;19606;DIR. TECH  DD;05199;INFRALOG SY NON GERE;N;PIECE;68
71941527;V;PANNEAU DECHETS AEROSOLS A;19606;DIR. TECH  DD;05199;INFRALOG SY NON GERE;N;PIECE;68
71941528;V;PANNEAU DECHETS PEINTURES A;19606;DIR. TECH  DD;05199;INFRALOG SY NON GERE;N;PIECE;68
71941529;V;PANNEAU DECHETS CHIFFONS A;19606;DIR. TECH  DD;05199;INFRALOG SY NON GERE;N;PIECE;68
71941530;V;PANNEAU DECHETS EMBALLAGES A;19606;DIR. TECH  DD;05199;INFRALOG SY NON GERE;N;PIECE;68
71941531;V;PANNEAU DECHETS DEEE A;19606;DIR. TECH  DD;05199;INFRALOG SY NON GERE;N;PIECE;68
71941532;V;PANNEAU DECHETS PILES - 5 KG A;19606;DIR. TECH  DD;05199;INFRALOG SY NON GERE;N;PIECE;68
71941533;V;PANNEAU DECHETS ACCU + 5KG A;19606;DIR. TECH  DD;05199;INFRALOG SY NON GERE;N;PIECE;68
71941534;V;PANNEAU DECHETS BATTERIES PB A;19606;DIR. TECH  DD;05199;INFRALOG SY NON GERE;N;PIECE;68
71941535;V;PANNEAU DECHETS GRAISSES A;19606;DIR. TECH  DD;05199;INFRALOG SY NON GERE;N;PIECE;68
71941536;V;PANNEAU DECHETS FILTRES A;19606;DIR. TECH  DD;05199;INFRALOG SY NON GERE;N;PIECE;68
71941537;V;PANNEAU DECHETS HUILES A;19606;DIR. TECH  DD;05199;INFRALOG SY NON GERE;N;PIECE;68
71941538;V;PANNEAU DECHETS AMIANTE A;19606;DIR. TECH  DD;05199;INFRALOG SY NON GERE;N;PIECE;68
71941539;V;PANNEAU DECHETS CARTOUCHES A;19606;DIR. TECH  DD;05199;INFRALOG SY NON GERE;N;PIECE;68
71941540;V;PANNEAU DECHETS AMPOULES A;19606;DIR. TECH  DD;05199;INFRALOG SY NON GERE;N;PIECE;68
71941541;V;PANNEAU DECHETS CARTONS A;19606;DIR. TECH  DD;05199;INFRALOG SY NON GERE;N;PIECE;68
71941542;V;PANNEAU DECHETS FER + 5MM A;19606;DIR. TECH  DD;05199;INFRALOG SY NON GERE;N;PIECE;68
71941543;V;PANNEAU DECHETS FER - 5MM A;19606;DIR. TECH  DD;05199;INFRALOG SY NON GERE;N;PIECE;68
71941544;V;PANNEAU DECHETS BOIS A;19606;DIR. TECH  DD;05199;INFRALOG SY NON GERE;N;PIECE;68
71941545;V;PANNEAU DECHETS NON FER A;19606;DIR. TECH  DD;05199;INFRALOG SY NON GERE;N;PIECE;68
71941546;V;PANNEAU DECHETS DND A;19606;DIR. TECH  DD;05199;INFRALOG SY NON GERE;N;PIECE;68
71941547;V;PANNEAU DECHETS TRAVERS BOIS A;19606;DIR. TECH  DD;05199;INFRALOG SY NON GERE;N;PIECE;68
71941548;V;PANNEAU DECHETS BETON A;19606;DIR. TECH  DD;05199;INFRALOG SY NON GERE;N;PIECE;68
71941549;V;PANNEAU DECHETS BALLAST A;19606;DIR. TECH  DD;05199;INFRALOG SY NON GERE;N;PIECE;68
71941550;V;PANNEAU DECHETS BUTEES A;19606;DIR. TECH  DD;05199;INFRALOG SY NON GERE;N;PIECE;68
71941551;V;PANNEAU DECHETS RAILS A;19606;DIR. TECH  DD;05199;INFRALOG SY NON GERE;N;PIECE;68
71941552;V;PANNEAU DECHETS MONOBLOC A;19606;DIR. TECH  DD;05199;INFRALOG SY NON GERE;N;PIECE;68
71941553;V;PANNEAU DECHETS BIBLOCS A;19606;DIR. TECH  DD;05199;INFRALOG SY NON GERE;N;PIECE;68
71941554;V;SUPPORT PANNEAU ALU;19606;DIR. TECH  DD;05199;INFRALOG SY NON GERE;N;PIECE;68
71941555;V;SUPPORT PANNEAU AIMANTE;19606;DIR. TECH  DD;05199;INFRALOG SY NON GERE;N;PIECE;68
71946230;V;FEUILLE EN PLASTIQUE ADHESIVE;05460;DTII TE CE CAT;05199;INFRALOG SY NON GERE;N;PIECE;68
71946232;V;"CHIF""1"" OU LET""I"" FEUIL ADHESI";05460;DTII TE CE CAT;05199;INFRALOG SY NON GERE;N;PIECE;68
71946233;V;"CHIFFRE ""2""   FEUILLE ADHESIVE";05460;DTII TE CE CAT;05199;INFRALOG SY NON GERE;N;PIECE;68
71946237;V;"CHIF ""6"" OU ""9"" FEUIL ADHESIVE";05460;DTII TE CE CAT;05199;INFRALOG SY NON GERE;N;PIECE;68
71946238;V;"CHIFFRE ""7""   FEUILLE ADHESIVE";05460;DTII TE CE CAT;05199;INFRALOG SY NON GERE;N;PIECE;68
71946301;V;"LETTRE ""A"" MINUS FEUIL ADHESIF";05410;IG.SF 65;05199;INFRALOG SY NON GERE;N;PIECE;68
71946302;V;"LETTRE ""B"" MINUS FEUIL ADHESIF";05410;IG.SF 65;05199;INFRALOG SY NON GERE;N;PIECE;68
71946303;V;"LETTRE ""C"" MINUS FEUIL ADHESIF";05410;IG.SF 65;05199;INFRALOG SY NON GERE;N;PIECE;68
71946304;V;"LETTRE ""D"" MINUS FEUIL ADHESIF";05410;IG.SF 65;05199;INFRALOG SY NON GERE;N;PIECE;68
71946305;V;"LETTRE ""A"" MAJUS FEUIL ADHESIF";05410;IG.SF 65;05199;INFRALOG SY NON GERE;N;PIECE;68
71946306;V;"LETTRE ""B"" MAJUS FEUIL ADHESIF";05410;IG.SF 65;05199;INFRALOG SY NON GERE;N;PIECE;68
71946307;V;"LETTRE ""C"" MAJUS FEUIL ADHESIF";05410;IG.SF 65;05199;INFRALOG SY NON GERE;N;PIECE;68
71946308;V;"LETTRE ""D"" MAJUS FEUIL ADHESIF";05410;IG.SF 65;05199;INFRALOG SY NON GERE;N;PIECE;68
71946309;V;"LETTRE ""E"" MAJUS FEUIL ADHESIF";05410;IG.SF 65;05199;INFRALOG SY NON GERE;N;PIECE;68
71946310;V;"LETTRE ""F"" MAJUS FEUIL ADHESIF";05410;IG.SF 65;05199;INFRALOG SY NON GERE;N;PIECE;68
71946311;V;"LETTRE ""G"" MAJUS FEUIL ADHESIF";05410;IG.SF 65;05199;INFRALOG SY NON GERE;N;PIECE;68
71946312;V;"LETTRE ""H"" MAJUS FEUIL ADHESIF";05410;IG.SF 65;05199;INFRALOG SY NON GERE;N;PIECE;68
71946313;V;"LETTRE ""J"" MAJUS FEUIL ADHESIF";05410;IG.SF 65;05199;INFRALOG SY NON GERE;N;PIECE;68
71946314;V;"LETTRE ""K"" MAJUS FEUIL ADHESIF";05410;IG.SF 65;05199;INFRALOG SY NON GERE;N;PIECE;68
71946316;V;"LETTRE ""M"" MAJUS FEUIL ADHESIF";05410;IG.SF 65;05199;INFRALOG SY NON GERE;N;PIECE;68
71946317;V;"LETTRE ""N"" MAJUS FEUIL ADHESIF";05410;IG.SF 65;05199;INFRALOG SY NON GERE;N;PIECE;68
71946318;V;"LETTRE ""P"" MAJUS FEUIL ADHESIF";05410;IG.SF 65;05199;INFRALOG SY NON GERE;N;PIECE;68
71946319;V;"LETTRE ""Q"" MAJUS FEUIL ADHESIF";05410;IG.SF 65;05199;INFRALOG SY NON GERE;N;PIECE;68
71946320;V;"LETTRE ""R"" MAJUS FEUIL ADHESIF";05410;IG.SF 65;05199;INFRALOG SY NON GERE;N;PIECE;68
71946321;V;"LETTRE ""S"" MAJUS FEUIL ADHESIF";05410;IG.SF 65;05199;INFRALOG SY NON GERE;N;PIECE;68
71946322;V;"LETTRE ""T"" MAJUS FEUIL ADHESIF";05410;IG.SF 65;05199;INFRALOG SY NON GERE;N;PIECE;68
71946323;V;"LETTRE ""U"" MAJUS FEUIL ADHESIF";05410;IG.SF 65;05199;INFRALOG SY NON GERE;N;PIECE;68
71946324;V;"LETTRE ""V"" MAJUS FEUIL ADHESIF";05410;IG.SF 65;05199;INFRALOG SY NON GERE;N;PIECE;68
71946325;V;"LETTRE ""W"" MAJUS FEUIL ADHESIF";05410;IG.SF 65;05199;INFRALOG SY NON GERE;N;PIECE;68
71946326;V;"LETTRE ""X"" MAJUS FEUIL ADHESIF";05410;IG.SF 65;05199;INFRALOG SY NON GERE;N;PIECE;68
71946327;V;"LETTRE ""Y"" MAJUS FEUIL ADHESIF";05410;IG.SF 65;05199;INFRALOG SY NON GERE;N;PIECE;68
71946328;V;"LETTRE ""Z"" MAJUS FEUIL ADHESIF";05410;IG.SF 65;05199;INFRALOG SY NON GERE;N;PIECE;68
71946329;V;"LETTRE ""A"" MINUS FEUIL ADHESIV";05410;IG.SF 65;05199;INFRALOG SY NON GERE;N;PIECE;68
71946330;V;"LETTRE ""B"" MINUS FEUIL ADHESIV";05410;IG.SF 65;05199;INFRALOG SY NON GERE;N;PIECE;68
71946331;V;"LETTRE ""C"" MINUS FEUIL ADHESIV";05410;IG.SF 65;05199;INFRALOG SY NON GERE;N;PIECE;68
71946332;V;"LETTRE ""D"" MINUS FEUIL ADHESIV";05410;IG.SF 65;05199;INFRALOG SY NON GERE;N;PIECE;68
71946333;V;"LETTRE ""H"" MAJUS FEUIL ADHESIV";05410;IG.SF 65;05199;INFRALOG SY NON GERE;N;PIECE;68
71946334;V;"LETTRE ""J"" MAJUS FEUIL ADHESIV";05410;IG.SF 65;05199;INFRALOG SY NON GERE;N;PIECE;68
71946335;V;"LETTRE ""L"" MAJUS FEUIL ADHESIV";05410;IG.SF 65;05199;INFRALOG SY NON GERE;N;PIECE;68
71946336;V;"LETTRE ""V"" MAJUS FEUIL ADHESIV";05410;IG.SF 65;05199;INFRALOG SY NON GERE;N;PIECE;68
71946337;V;"LETTRE ""W"" MAJUS FEUIL ADHESIV";05410;IG.SF 65;05199;INFRALOG SY NON GERE;N;PIECE;68
71946469;V;"LETTRE ""A""    FEUILLE ADHESIVE";05460;DTII TE CE CAT;05199;INFRALOG SY NON GERE;N;PIECE;68
71946478;V;"LETTRE ""N""    FEUILLE ADHESIVE";05460;DTII TE CE CAT;05199;INFRALOG SY NON GERE;N;PIECE;68
71946479;V;"LETTRE ""P""    FEUILLE ADHESIVE";05460;DTII TE CE CAT;05199;INFRALOG SY NON GERE;N;PIECE;68
71948303;V;"LETTRE ""X""    FEUILLE ADHESIVE";05460;DTII TE CE CAT;05199;INFRALOG SY NON GERE;N;PIECE;68
71994520;V;ROULEMENT A BILLES 20X42X8;05341;DTR DGII VA T;05199;INFRALOG SY NON GERE;N;PIECE;68
71994529;V;ROULEMENT A BILLES  30X72X19;47026;EIV QUERCY CORREZ BA;05199;INFRALOG SY NON GERE;N;PIECE;68
71995216;V;ROULEMENT A BILLES.65X100X11;05410;IG.SF 65;05199;INFRALOG SY NON GERE;N;PIECE;68
72357236;V;RONDELLE D=27 D=11 E=2 NEOPR.;05460;DTII TE CE CAT;05199;INFRALOG SY NON GERE;N;PIECE;68
72357237;V;RONDELLE D=32 D=13 E=4 NEOPR.;05460;DTII TE CE CAT;05199;INFRALOG SY NON GERE;N;PIECE;68
72474040;V;CORDAGE POLYA.MODE.5,5 L=7,40M;05181;INFRALOG AD. DONNEES;05199;INFRALOG SY NON GERE;N;PIECE;68
72474041;V;CORDAGE POLYA.MOD10-14,5 L=15M;05181;INFRALOG AD. DONNEES;05199;INFRALOG SY NON GERE;N;PIECE;68
72474050;V;CORDAGE POLYAMIDE D14 100M;31105;DIR INFRA IVMR5;05199;INFRALOG SY NON GERE;N;METRE;68
72474051;V;CORDAGE POLYAMIDE D12 100M;31105;DIR INFRA IVMR5;05199;INFRALOG SY NON GERE;N;METRE;68
72730024;V;GRAISSE PORTEE ECLISSE - 50KG;05341;DTR DGII VA T;05199;INFRALOG SY NON GERE;N;BIDON;68
73910299;V;LANTERNE ROUG 2 FACE PIEDS ESC;05410;IG.SF 65;05199;INFRALOG SY NON GERE;N;PIECE;68
73910313;V;ENSEMBLE SIGNAL ARRET MAIN NG;05410;IG.SF 65;05199;INFRALOG SY NON GERE;N;ENSEM.;68
73910318;V;LAMPE SIGNAL ARRET MAIN NG;05410;IG.SF 65;05199;INFRALOG SY NON GERE;N;PIECE;68
73910319;V;VOLETS SIGNAL ARRET MAIN NG;05410;IG.SF 65;05199;INFRALOG SY NON GERE;N;SACHET;68
78164650;V;BAT.ACCU.ALCA.LANT.PORTATIVE;05410;IG.SF 65;05190;INFRALOG SM3;N;PIECE;68
78164651;V;PILE ELECTRIQUE 6V 45-50 AH;05410;IG.SF 65;05199;INFRALOG SY NON GERE;N;PIECE;68
78174352;V;CONDENSATEUR EC 10000MF 40V;05410;IG.SF 65;05199;INFRALOG SY NON GERE;N;PIECE;68
78260206;V;POLE MONTE.;11398;IG TE-DIV ZU1 RNAS;05199;INFRALOG SY NON GERE;N;PIECE;68
78324527;V;FUSIBLE 5X20 0,8 AMP      HA20;05410;IG.SF 65;05199;INFRALOG SY NON GERE;N;PIECE;68
78334648;V;PLATINE APPAREIL. 1 LAMPE 250W;05181;INFRALOG AD. DONNEES;05199;INFRALOG SY NON GERE;N;PIECE;68
78344301;V;LAMPE 220V 120W CULOT E 27;05410;IG.SF 65;05199;INFRALOG SY NON GERE;N;PIECE;68
78424850;V;CONDUCTEUR S H07V-K 1X1,5 NOIR;05410;IG.SF 65;05199;INFRALOG SY NON GERE;N;METRE;68
78424914;V;CONDUCTEUR S H07V-K 1X2,5 NOIR;05410;IG.SF 65;05199;INFRALOG SY NON GERE;N;METRE;68
78424915;V;CONDUCTEUR S H07V-K 1X4   NOIR;05410;IG.SF 65;05199;INFRALOG SY NON GERE;N;METRE;68
78424916;V;CONDUCTEUR S H07V-K 1X6   NOIR;05410;IG.SF 65;05199;INFRALOG SY NON GERE;N;METRE;68
78424917;V;CONDUCTEUR S H07V-K 1X10  NOIR;05410;IG.SF 65;05199;INFRALOG SY NON GERE;N;METRE;68
78425066;V;CABLE CU U 1000 RVFV 3G4;05410;IG.SF 65;05199;INFRALOG SY NON GERE;N;METRE;68
78425067;V;CABLE CU U 1000 RVFV 3G6;05410;IG.SF 65;05199;INFRALOG SY NON GERE;N;METRE;68
78425068;V;CABLE CU U 1000 RVFV 3G10;05410;IG.SF 65;05199;INFRALOG SY NON GERE;N;METRE;68
78425069;V;CABLE CU U 1000 RVFV 3G16;05410;IG.SF 65;05199;INFRALOG SY NON GERE;N;METRE;68
78425070;V;CABLE CU U 1000 RVFV 3G25;05410;IG.SF 65;05199;INFRALOG SY NON GERE;N;METRE;68
78428547;V;CABLE CU U-1000-RVFV 4X70MM2;05410;IG.SF 65;05199;INFRALOG SY NON GERE;N;METRE;68
78428548;V;PISTOLET POWERMAX;05410;IG.SF 65;05199;INFRALOG SY NON GERE;N;PIECE;68
78428549;V;CHARGEUR 100-240V/50HZ;05410;IG.SF 65;05199;INFRALOG SY NON GERE;N;PIECE;68
78428550;V;BAT. LITHIUM PISTOLET POWERMAX;05410;IG.SF 65;05199;INFRALOG SY NON GERE;N;PIECE;68
78428552;V;CARTOUCHE MOUSSE COVERJET;05410;IG.SF 65;05199;INFRALOG SY NON GERE;N;PIECE;68
78428553;V;BROSSE ANTI RONGEUR 0.5M;05410;IG.SF 65;05199;INFRALOG SY NON GERE;N;PIECE;68
78428554;V;BROSSE ANTI RONGEUR 1M;05410;IG.SF 65;05199;INFRALOG SY NON GERE;N;PIECE;68
78428555;V;BROSSE ANTI RONGEUR 2M;05410;IG.SF 65;05199;INFRALOG SY NON GERE;N;PIECE;68
78428556;V;BROSSE ANTI RONGEUR 5M;05410;IG.SF 65;05199;INFRALOG SY NON GERE;N;PIECE;68
78428557;V;BROS ANTIRONGEUR BAS PORTE 3M;05410;IG.SF 65;05199;INFRALOG SY NON GERE;N;PIECE;68
78428560;V;TRICOT INOX WAROSOL T;05410;IG.SF 65;05199;INFRALOG SY NON GERE;N;CARTON;68
78428561;V;BOITIER US SOLTEC V3300;05410;IG.SF 65;05199;INFRALOG SY NON GERE;N;PIECE;68
78428562;V;BOITIER ULTRASON ANTI-RONGEURS;05410;IG.SF 65;05199;INFRALOG SY NON GERE;N;PIECE;68
78428563;V;ALIMENTATION BOITIER ULTRASON;05410;IG.SF 65;05199;INFRALOG SY NON GERE;N;PIECE;68
78428564;V;CORDON BOITIER ULTRASON;05410;IG.SF 65;05199;INFRALOG SY NON GERE;N;PIECE;68
78428565;V;KIT ROXTEC GKO POUR FUT DE PN;05410;IG.SF 65;05199;INFRALOG SY NON GERE;N;CARTON;68
78428566;V;KIT ROXTEC BAGUE H1 CM60;05410;IG.SF 65;05199;INFRALOG SY NON GERE;N;CARTON;68
78428567;V;KIT ROXTEC BAGUE H1 CM20/CM40;05410;IG.SF 65;05199;INFRALOG SY NON GERE;N;CARTON;68
78428568;V;KIT ROXTEC BAGUE H1 CM20/CM30;05410;IG.SF 65;05199;INFRALOG SY NON GERE;N;CARTON;68
78475289;V;MANCHON ELASTIQUE ROUGE;05410;IG.SF 65;05199;INFRALOG SY NON GERE;N;PIECE;68
78476447;V;BARRET.DE CONNEX-SUPREM 10 MM2;47026;EIV QUERCY CORREZ BA;05199;INFRALOG SY NON GERE;N;PIECE;68
78477439;V;RUBAN ENCREUR POUR M-1PRO;05410;IG.SF 65;05199;INFRALOG SY NON GERE;N;SACHET;68
78477444;V;TUBES PORTE-REPERE STERLING;05410;IG.SF 65;05199;INFRALOG SY NON GERE;N;SACHET;68
78477445;V;TUBES PORTE-REPERE STERLING;05410;IG.SF 65;05199;INFRALOG SY NON GERE;N;SACHET;68
78477446;V;TUBES PORTE-REPERE STERLING;05410;IG.SF 65;05199;INFRALOG SY NON GERE;N;SACHET;68
78477447;V;TUBES PORTE-REPERE STERLING;05410;IG.SF 65;05199;INFRALOG SY NON GERE;N;SACHET;68
78477448;V;TUBES PORTE-REPERE STERLING;05410;IG.SF 65;05199;INFRALOG SY NON GERE;N;SACHET;68
78477686;V;RUBAN ENCREUR IMPRIM BMP71;05410;IG.SF 65;05199;INFRALOG SY NON GERE;N;PIECE;68
78477769;V;EMBASE REP 12 CTS;05410;IG.SF 65;05199;INFRALOG SY NON GERE;N;SACHET;68
78477800;V;IMPRIMANTE PORTABLE LETATWIN;05410;IG.SF 65;05199;INFRALOG SY NON GERE;N;PIECE;68
78477801;V;RUBAN ENCREUR POUR LETATWIN;05410;IG.SF 65;05199;INFRALOG SY NON GERE;N;PIECE;68
78604559;V;CORDONS MESURE 150V MAX. L=2 M;05410;IG.SF 65;05199;INFRALOG SY NON GERE;N;PIECE;68
78605181;V;MESUREUR ISOL. CABLE SIG;05410;IG.SF 65;05199;INFRALOG SY NON GERE;N;PIECE;68
78605182;V;CORDON MESURE ISOL 1-14P;05410;IG.SF 65;05199;INFRALOG SY NON GERE;N;PIECE;68
78605183;V;CORDON MESURE ISOL 15-28P;05410;IG.SF 65;05199;INFRALOG SY NON GERE;N;PIECE;68
78605184;V;BOUCHON TEST MESUREUR;05410;IG.SF 65;05199;INFRALOG SY NON GERE;N;PIECE;68
78605185;V;ALIMENTATION MESUREUR;05410;IG.SF 65;05199;INFRALOG SY NON GERE;N;PIECE;68
78605186;V;PINOCHES MESUREUR;05410;IG.SF 65;05199;INFRALOG SY NON GERE;N;SACHET;68
78654144;V;DIODE DE REDRESSEMENT 1N 4007;05410;IG.SF 65;05199;INFRALOG SY NON GERE;N;PIECE;68
79400084;V;VOYANT MIRLITON 1 BANDE;05410;IG.SF 65;05199;INFRALOG SY NON GERE;N;PIECE;68
79400085;V;VOYANT MIRLITON 2 BANDES;05410;IG.SF 65;05199;INFRALOG SY NON GERE;N;PIECE;68
79400086;V;VOYANT MIRLITON 3 BANDES;05410;IG.SF 65;05199;INFRALOG SY NON GERE;N;PIECE;68
79400251;V;VOYANT DE CARRE SIGN MECANIQ;05410;IG.SF 65;05199;INFRALOG SY NON GERE;N;PIECE;68
79400454;V;"VOYANT ""LIMITE STATIONNEMENT""";05410;IG.SF 65;05199;INFRALOG SY NON GERE;N;PIECE;68
79400479;V;VOYANT TABLEAU-S-REFLECTORIS;05410;IG.SF 65;05199;INFRALOG SY NON GERE;N;PIECE;68
79400488;V;"VOYANT ""PI""REFLECTORISE";05410;IG.SF 65;05199;INFRALOG SY NON GERE;N;PIECE;68
79400806;V;VOYANT TABLEAU -J- REFLECT-;05410;IG.SF 65;05199;INFRALOG SY NON GERE;N;PIECE;68
79400807;V;VOYANT TABLEAU REFOU.AIR LIBRE;05410;IG.SF 65;05199;INFRALOG SY NON GERE;N;PIECE;68
79400808;V;PLAQUE DE NUMEROTAGE -I-;05410;IG.SF 65;05199;INFRALOG SY NON GERE;N;PIECE;68
79400826;V;ECRAN DIVERGENT DE 460X90;05410;IG.SF 65;05199;INFRALOG SY NON GERE;N;PIECE;68
79400827;V;VOYANT A LENTILLE BANDE JAUNE;05410;IG.SF 65;05199;INFRALOG SY NON GERE;N;PIECE;68
79400877;V;VOYANT POUR TABLEAU IMP;05410;IG.SF 65;05199;INFRALOG SY NON GERE;N;PIECE;68
79400878;V;VOYANT POUR TABLEAU D;05410;IG.SF 65;05199;INFRALOG SY NON GERE;N;PIECE;68
79400903;V;VOYANT CARRE 2 CH.N/B DE 80;05410;IG.SF 65;05199;INFRALOG SY NON GERE;N;PIECE;68
79400904;V;VOYANT CARRE 2 CH. N/B DE 90;05410;IG.SF 65;05199;INFRALOG SY NON GERE;N;PIECE;68
79400905;V;VOYANT CARRE 3 CH- N/B DE 100;05410;IG.SF 65;05199;INFRALOG SY NON GERE;N;PIECE;68
79400906;V;VOYANT CARRE 3 CH- N/B DE 110;05410;IG.SF 65;05199;INFRALOG SY NON GERE;N;PIECE;68
79400907;V;VOYANT CARRE 3 CH- N/B DE 120;05410;IG.SF 65;05199;INFRALOG SY NON GERE;N;PIECE;68
79400908;V;VOYANT CARRE 3 CH- N/B DE 130;05410;IG.SF 65;05199;INFRALOG SY NON GERE;N;PIECE;68
79400909;V;VOYANT CARRE 3 CH- N/B DE 140;05410;IG.SF 65;05199;INFRALOG SY NON GERE;N;PIECE;68
79400912;V;VOYANT CARRE 2 CH- B/N DE 30;05410;IG.SF 65;05199;INFRALOG SY NON GERE;N;PIECE;68
79400913;V;VOYANT CARRE 2 CH- B/N DE 40;05410;IG.SF 65;05199;INFRALOG SY NON GERE;N;PIECE;68
79400915;V;VOYANT CARRE 2 CH- B/N DE 60;05410;IG.SF 65;05199;INFRALOG SY NON GERE;N;PIECE;68
79400916;V;VOYANT CARRE 2 CH- B/N DE 70;05410;IG.SF 65;05199;INFRALOG SY NON GERE;N;PIECE;68
79400917;V;VOYANT CARRE 2 CHIF-B/N DE 80;05410;IG.SF 65;05199;INFRALOG SY NON GERE;N;PIECE;68
79400918;V;VOYANT CARREE 2 CH- B/N DE 90;05410;IG.SF 65;05199;INFRALOG SY NON GERE;N;PIECE;68
79400919;V;VOYANT CARRE 3 CH- B/N DE 100;05410;IG.SF 65;05199;INFRALOG SY NON GERE;N;PIECE;68
79400920;V;VOYANT CARRE 3 CH- B/N DE 110;05410;IG.SF 65;05199;INFRALOG SY NON GERE;N;PIECE;68
79400921;V;VOYANT CARRE 3 CH- B/N DE 120;05410;IG.SF 65;05199;INFRALOG SY NON GERE;N;PIECE;68
79400922;V;VOYANT CARRE 3 CH. B/N DE 130;05410;IG.SF 65;05199;INFRALOG SY NON GERE;N;PIECE;68
79400923;V;VOYANT LOSANGE  2 CH. N/B 10;05410;IG.SF 65;05199;INFRALOG SY NON GERE;N;PIECE;68
79400924;V;VOYANT LOSANGE 2 CH- N/B 20;05410;IG.SF 65;05199;INFRALOG SY NON GERE;N;PIECE;68
79400925;V;VOYANT LOSANGE 2 CHIFF- N/B 30;05410;IG.SF 65;05199;INFRALOG SY NON GERE;N;PIECE;68
79400926;V;"VOYANT LOSANGE 2CH N/B ""40""";05410;IG.SF 65;05199;INFRALOG SY NON GERE;N;PIECE;68
79400927;V;VOYANT LOSANGE 2 CH- N/B 50;05410;IG.SF 65;05199;INFRALOG SY NON GERE;N;PIECE;68
79400928;V;VOYANT LOSANGE 2 CH. N/B 60;05410;IG.SF 65;05199;INFRALOG SY NON GERE;N;PIECE;68
79400929;V;VOYANT LOSANGE 2 CH- N/B 70;05410;IG.SF 65;05199;INFRALOG SY NON GERE;N;PIECE;68
79400930;V;VOYANT LOSANGE 2 CH- N/B 80;05410;IG.SF 65;05199;INFRALOG SY NON GERE;N;PIECE;68
79400931;V;VOYANT LOSANGE 2 CH. N/B 90;05410;IG.SF 65;05199;INFRALOG SY NON GERE;N;PIECE;68
79400932;V;"VOYANT LOSANGE N/B ""100""";05410;IG.SF 65;05199;INFRALOG SY NON GERE;N;PIECE;68
79400933;V;"VOYANT LOSANGE N/B ""110""";05410;IG.SF 65;05199;INFRALOG SY NON GERE;N;PIECE;68
79400934;V;VOYANT LOSANGE N-B- -120-;05410;IG.SF 65;05199;INFRALOG SY NON GERE;N;PIECE;68
79400935;V;VOYANT LOSANGE N-B -130-;05410;IG.SF 65;05199;INFRALOG SY NON GERE;N;PIECE;68
79400936;V;"VOYANT CARRE 2CH N/B ""10""";05410;IG.SF 65;05199;INFRALOG SY NON GERE;N;PIECE;68
79400937;V;"VOYANT CARRE 2CH N/B ""20""";05410;IG.SF 65;05199;INFRALOG SY NON GERE;N;PIECE;68
79400938;V;"VOYANT CARRE 2CH N/B ""30""";05410;IG.SF 65;05199;INFRALOG SY NON GERE;N;PIECE;68
79400939;V;"VOYANT CARRE 2CH N/B ""40""";05410;IG.SF 65;05199;INFRALOG SY NON GERE;N;PIECE;68
79400940;V;"VOYANT CARRE 2CH. N/B ""50""";05410;IG.SF 65;05199;INFRALOG SY NON GERE;N;PIECE;68
79400941;V;"VOYANT CARRE 2 CH N/B ""60""";05410;IG.SF 65;05199;INFRALOG SY NON GERE;N;PIECE;68
79400942;V;"VOYANT CARRE 2 CH. N/B ""70""";05410;IG.SF 65;05199;INFRALOG SY NON GERE;N;PIECE;68
79400943;V;VOYANT PENTAGONAL INDICATION-1;05410;IG.SF 65;05199;INFRALOG SY NON GERE;N;PIECE;68
79400944;V;VOYANT PENTAGONAL INDICATION-3;05410;IG.SF 65;05199;INFRALOG SY NON GERE;N;PIECE;68
79400945;V;VOYANT TIV EXE.FIX.PENT IND 1;05410;IG.SF 65;05199;INFRALOG SY NON GERE;N;PIECE;68
79400946;V;VOYANT TIV EXE.FIX.PENT.IND 3;05410;IG.SF 65;05199;INFRALOG SY NON GERE;N;PIECE;68
79400948;V;VOYANT PANCARTE L REFLECTORI;05410;IG.SF 65;05199;INFRALOG SY NON GERE;N;PIECE;68
79400972;V;ECRAN DIVERGENT DE 160 X 160;05410;IG.SF 65;05199;INFRALOG SY NON GERE;N;PIECE;68
79400973;V;VOYANT A LENTILLE POUR S-L-D-;05410;IG.SF 65;05199;INFRALOG SY NON GERE;N;PIECE;68
79400974;V;VOYANT A LENTILLE -V1-;05410;IG.SF 65;05199;INFRALOG SY NON GERE;N;PIECE;68
79400975;V;VOYANT A LENTILLE POUR TAB.V2;05410;IG.SF 65;05199;INFRALOG SY NON GERE;N;PIECE;68
79400976;V;VOYANT A LENTILLE POUR TAB. VA;05410;IG.SF 65;05199;INFRALOG SY NON GERE;N;PIECE;68
79400977;V;VOYANT A LENTILLE POUR TAB. VB;05410;IG.SF 65;05199;INFRALOG SY NON GERE;N;PIECE;68
79400990;V;VOYANT A LENTILLE -SAS- 160 MM;05410;IG.SF 65;05199;INFRALOG SY NON GERE;N;PIECE;68
79400991;V;VOYANT A LENTILLE -V1 V2-;05410;IG.SF 65;05199;INFRALOG SY NON GERE;N;PIECE;68
79400992;V;VOYANT A LENT. POUR TAB. VA VB;05410;IG.SF 65;05199;INFRALOG SY NON GERE;N;PIECE;68
79400998;V;VOYANT A LENTILLE -D- 250 MM;05410;IG.SF 65;05199;INFRALOG SY NON GERE;N;PIECE;68
79401011;V;VOYANT A LENTILLE -G- 450 MM.;05410;IG.SF 65;05199;INFRALOG SY NON GERE;N;PIECE;68
79401024;V;PLAQUE NF PR PANNEAU K 1967;05410;IG.SF 65;05199;INFRALOG SY NON GERE;N;PIECE;68
79401055;V;VOYANT A LENTILLE -D- 450 MM.;05410;IG.SF 65;05199;INFRALOG SY NON GERE;N;PIECE;68
79401110;V;PLAQUE REC. AVEC V-A-T;05410;IG.SF 65;05199;INFRALOG SY NON GERE;N;PIECE;68
79401122;V;VOYANT A LENTILLE -G- 250 MM.;05410;IG.SF 65;05199;INFRALOG SY NON GERE;N;PIECE;68
79401129;V;VOYANT A LENTILLE -SAS- 250 MM;05410;IG.SF 65;05199;INFRALOG SY NON GERE;N;PIECE;68
79401179;V;PLAQUE -A- PETIT MODELE REFL-;05410;IG.SF 65;05199;INFRALOG SY NON GERE;N;PIECE;68
79401180;V;PLAQUE -D- PETIT MODELE,REFL-;05410;IG.SF 65;05199;INFRALOG SY NON GERE;N;PIECE;68
79401189;V;ECRAN ATTENUATEUR DIAMETRE 158;05410;IG.SF 65;05199;INFRALOG SY NON GERE;N;PIECE;68
79401220;V;VOYANT LOSANGE N-B -140-;05410;IG.SF 65;05199;INFRALOG SY NON GERE;N;PIECE;68
79401222;V;VOYANT TIV CARRE 2 NOMBRES N/B;05410;IG.SF 65;05199;INFRALOG SY NON GERE;N;PIECE;68
79401224;V;VOYANT TIV LOSANGE 2 NOMBRES;05410;IG.SF 65;05199;INFRALOG SY NON GERE;N;PIECE;68
79401232;V;VOYANT BAISSEZ-PANTO SIGN.A D.;05410;IG.SF 65;05199;INFRALOG SY NON GERE;N;PIECE;68
79401233;V;VOYANT BAISSEZ-PANTO SIGN.EXEC;05410;IG.SF 65;05199;INFRALOG SY NON GERE;N;PIECE;68
79401234;V;VOYANT COUPEZ-COURANT SIGN.EXE;05410;IG.SF 65;05199;INFRALOG SY NON GERE;N;PIECE;68
79401235;V;VOYANT COUPEZ-COURANT SIGN.F.P;05410;IG.SF 65;05199;INFRALOG SY NON GERE;N;PIECE;68
79401236;V;ECRAN DE COTE,SANS CACHE,POLYE;05410;IG.SF 65;05199;INFRALOG SY NON GERE;N;PIECE;68
79401237;V;ECRAN COTE,AVEC CACHE,POLYEST.;05410;IG.SF 65;05199;INFRALOG SY NON GERE;N;PIECE;68
79401241;V;VOYANT FORM.CARR.P.TABLEAU-P.;05410;IG.SF 65;05199;INFRALOG SY NON GERE;N;PIECE;68
79401245;V;VOYANT A LENTILLE -V1-1B-;05410;IG.SF 65;05199;INFRALOG SY NON GERE;N;PIECE;68
79401256;V;VOYANT BAISSEZ-PANTO SIGN.PORT;05410;IG.SF 65;05199;INFRALOG SY NON GERE;N;PIECE;68
79401257;V;VOYANT BAISSEZ-PANTO SIGN. EXE;05410;IG.SF 65;05199;INFRALOG SY NON GERE;N;PIECE;68
79401258;V;VOYANT COUPEZ-COURANT SIG.PORT;05410;IG.SF 65;05199;INFRALOG SY NON GERE;N;PIECE;68
79401259;V;VOYANT COUPEZ-COURANT S.F.P.;05410;IG.SF 65;05199;INFRALOG SY NON GERE;N;PIECE;68
79401264;V;VOYANT ARRET REFLECTORISE;05410;IG.SF 65;05199;INFRALOG SY NON GERE;N;PIECE;68
79401266;V;VOYANT LENTILLE GUIDON ARRET;05410;IG.SF 65;05199;INFRALOG SY NON GERE;N;PIECE;68
79401271;V;VOYANT A LENTILLE POUR TLC;05410;IG.SF 65;05199;INFRALOG SY NON GERE;N;PIECE;68
79401279;V;VOYANT LENT. VOIE LIBRE + ZERO;05410;IG.SF 65;05199;INFRALOG SY NON GERE;N;PIECE;68
79401281;V;VOYANT A LENTILLE -6-;05410;IG.SF 65;05199;INFRALOG SY NON GERE;N;PIECE;68
79401282;V;VOYANT A LENTILLE -7-;05410;IG.SF 65;05199;INFRALOG SY NON GERE;N;PIECE;68
79401283;V;VOYANT A LENTILLE -8-;05410;IG.SF 65;05199;INFRALOG SY NON GERE;N;PIECE;68
79401284;V;VOYANT A LENTILLE -9-;05410;IG.SF 65;05199;INFRALOG SY NON GERE;N;PIECE;68
79401285;V;VOYANT A LENTILLE -10-;05410;IG.SF 65;05199;INFRALOG SY NON GERE;N;PIECE;68
79401286;V;VOYANT A LENTILLE -12-;05410;IG.SF 65;05199;INFRALOG SY NON GERE;N;PIECE;68
79401299;V;VOYANT A LENT.POUR TABLEAU V1;05410;IG.SF 65;05199;INFRALOG SY NON GERE;N;PIECE;68
79401306;V;VOYANT LENT. TLC INDICATION T;05410;IG.SF 65;05199;INFRALOG SY NON GERE;N;PIECE;68
79401308;V;VOYANT A LENT,POUR TABLEAU B;05410;IG.SF 65;05199;INFRALOG SY NON GERE;N;PIECE;68
79401322;V;VOYANT ARRET MOUVEMT.RENTR.DEP;05410;IG.SF 65;05199;INFRALOG SY NON GERE;N;PIECE;68
79401325;V;VOYANT ARRET DES MACHINES;05410;IG.SF 65;05199;INFRALOG SY NON GERE;N;PIECE;68
79401326;V;VOYANT ARRET DES MANOEUVRES;05410;IG.SF 65;05199;INFRALOG SY NON GERE;N;PIECE;68
79401328;V;"VOYANT ""SAS""";05410;IG.SF 65;05199;INFRALOG SY NON GERE;N;PIECE;68
79401330;V;VOYANT ARRET POUR REFOULEMENT;05410;IG.SF 65;05199;INFRALOG SY NON GERE;N;PIECE;68
79401331;V;VOYANT POUR TABLEAU ARRET;05410;IG.SF 65;05199;INFRALOG SY NON GERE;N;PIECE;68
79401335;V;VOYANT A LENTILLE -1-;05410;IG.SF 65;05199;INFRALOG SY NON GERE;N;PIECE;68
79401336;V;VOYANT A LENTILLE -1 B-;05410;IG.SF 65;05199;INFRALOG SY NON GERE;N;PIECE;68
79401337;V;VOYANT LM REFLECTORISE;05410;IG.SF 65;05199;INFRALOG SY NON GERE;N;PIECE;68
79401339;V;VOYANT A LENTILLE T + SLD;05410;IG.SF 65;05199;INFRALOG SY NON GERE;N;PIECE;68
79401345;V;VOYANT 2 CH TIV TYPE B DE 90;05410;IG.SF 65;05199;INFRALOG SY NON GERE;N;PIECE;68
79401346;V;VOYANT A 3 CH.TIV TYPE B-130;05410;IG.SF 65;05199;INFRALOG SY NON GERE;N;PIECE;68
79401349;V;VOYANT -LGR- REFLECTORISE;05410;IG.SF 65;05199;INFRALOG SY NON GERE;N;PIECE;68
79401350;V;VOYANT A LENTILLE -2-;05410;IG.SF 65;05199;INFRALOG SY NON GERE;N;PIECE;68
79401355;V;VOYANT A LENTILLE -V2-2B-;05410;IG.SF 65;05199;INFRALOG SY NON GERE;N;PIECE;68
79401356;V;VOYANT A LENTILLE -V1-2-;05410;IG.SF 65;05199;INFRALOG SY NON GERE;N;PIECE;68
79401376;V;VOYANT DE MIRLITON A 1 BANDE;05410;IG.SF 65;05199;INFRALOG SY NON GERE;N;PIECE;68
79401377;V;VOYANT DE MIRLITON A 2 BANDES;05410;IG.SF 65;05199;INFRALOG SY NON GERE;N;PIECE;68
79401378;V;VOYANT DE MIRLITON A 3 BANDES;05410;IG.SF 65;05199;INFRALOG SY NON GERE;N;PIECE;68
79401383;V;"ECRAN DE COTE POUR TABLEAU ""P""";05410;IG.SF 65;05199;INFRALOG SY NON GERE;N;PIECE;68
79401384;V;VOYANT A 3 CH. TIV TYPE B-100;05410;IG.SF 65;05199;INFRALOG SY NON GERE;N;PIECE;68
79401385;V;VOYANT A 3 CH.TIV TYPE B-110;05410;IG.SF 65;05199;INFRALOG SY NON GERE;N;PIECE;68
79401386;V;VOYANT A 3 CH.TIV TYPE B-120;05410;IG.SF 65;05199;INFRALOG SY NON GERE;N;PIECE;68
79401387;V;VOYANT A 3 CH.TIV TYPE B-140;05410;IG.SF 65;05199;INFRALOG SY NON GERE;N;PIECE;68
79401388;V;VOYANT A 3 CH.TIV TYPE B-145;05410;IG.SF 65;05199;INFRALOG SY NON GERE;N;PIECE;68
79401389;V;VOYANT A 3 CH.TIV TYPE B-150;05410;IG.SF 65;05199;INFRALOG SY NON GERE;N;PIECE;68
79401390;V;VOYANT A 3 CH.TIV TYPE B-155;05410;IG.SF 65;05199;INFRALOG SY NON GERE;N;PIECE;68
79401391;V;VOYANT A 3 CH.TIV TYPE B-160;05410;IG.SF 65;05199;INFRALOG SY NON GERE;N;PIECE;68
79401408;V;COURONNE SIG.DIST/TAB.B CHANT.;05410;IG.SF 65;05199;INFRALOG SY NON GERE;N;PIECE;68
79401409;V;COURONNE SIG.EXECUT.CHANTIER;05410;IG.SF 65;05199;INFRALOG SY NON GERE;N;PIECE;68
79401426;V;VOYANT POUR TABLEAU BLANC;05410;IG.SF 65;05199;INFRALOG SY NON GERE;N;PIECE;68
79401429;V;VOYANT CIRCULAIRE TIV EXEC.10;05410;IG.SF 65;05199;INFRALOG SY NON GERE;N;PIECE;68
79401430;V;VOYANT CIRCULAIRE TIV EXEC.20;05410;IG.SF 65;05199;INFRALOG SY NON GERE;N;PIECE;68
79401431;V;VOYANT CIRCULAIRE TIV EXEC.30;05410;IG.SF 65;05199;INFRALOG SY NON GERE;N;PIECE;68
79401432;V;VOYANT CIRCULAIRE TIV EXEC.40;05410;IG.SF 65;05199;INFRALOG SY NON GERE;N;PIECE;68
79401433;V;VOYANT CIRCULAIRE TIV EXEC.50;05410;IG.SF 65;05199;INFRALOG SY NON GERE;N;PIECE;68
79401434;V;VOYANT CIRCULAIRE TIV EXEC.60;05410;IG.SF 65;05199;INFRALOG SY NON GERE;N;PIECE;68
79401435;V;VOYANT CIRCULAIRE TIV EXEC.70;05410;IG.SF 65;05199;INFRALOG SY NON GERE;N;PIECE;68
79401436;V;VOYANT CIRCULAIRE TIV EXEC.80;05410;IG.SF 65;05199;INFRALOG SY NON GERE;N;PIECE;68
79401437;V;VOYANT CIRCULAIRE TIV EXEC.90;05410;IG.SF 65;05199;INFRALOG SY NON GERE;N;PIECE;68
79401438;V;VOYANT CIRCULAIRE TIV EXEC.100;05410;IG.SF 65;05199;INFRALOG SY NON GERE;N;PIECE;68
79401439;V;VOYANT CIRCULAIRE TIV EXEC.120;05410;IG.SF 65;05199;INFRALOG SY NON GERE;N;PIECE;68
79401444;V;VOYANT CIRCUL.TIV DISTANCE 20;05410;IG.SF 65;05199;INFRALOG SY NON GERE;N;PIECE;68
79401445;V;VOYANT CIRCUL.TIV DISTANCE 30;05410;IG.SF 65;05199;INFRALOG SY NON GERE;N;PIECE;68
79401446;V;VOYANT CIRCUL.TIV DISTANCE 40;05410;IG.SF 65;05199;INFRALOG SY NON GERE;N;PIECE;68
79401447;V;VOYANT CIRCUL.TIV DISTANCE 50;05410;IG.SF 65;05199;INFRALOG SY NON GERE;N;PIECE;68
79401448;V;VOYANT CIRCUL.TIV DISTANCE 60;05410;IG.SF 65;05199;INFRALOG SY NON GERE;N;PIECE;68
79401449;V;VOYANT CIRCUL.TIV DISTANCE 70;05410;IG.SF 65;05199;INFRALOG SY NON GERE;N;PIECE;68
79401450;V;VOYANT CIRCUL.TIV DISTANCE 80;05410;IG.SF 65;05199;INFRALOG SY NON GERE;N;PIECE;68
79401451;V;VOYANT CIRCUL.TIV DISTANCE 90;05410;IG.SF 65;05199;INFRALOG SY NON GERE;N;PIECE;68
79401452;V;VOYANT CIRCUL.TIV DISTANCE 100;05410;IG.SF 65;05199;INFRALOG SY NON GERE;N;PIECE;68
79401453;V;VOYANT CIRCUL.TIV DISTANCE 120;05410;IG.SF 65;05199;INFRALOG SY NON GERE;N;PIECE;68
79401454;V;VOYANT CIRCUL.POUR TABLEAU P;05410;IG.SF 65;05199;INFRALOG SY NON GERE;N;PIECE;68
79401455;V;VOYANT CIRCUL.TIV DISTANCE 10;05410;IG.SF 65;05199;INFRALOG SY NON GERE;N;PIECE;68
79401462;V;VOYANT MI-BLANC MI-NOIR LOSAN.;05410;IG.SF 65;05199;INFRALOG SY NON GERE;N;PIECE;68
79401464;V;VOYANT DE TABLEAU BLANC;05410;IG.SF 65;05199;INFRALOG SY NON GERE;N;PIECE;68
79401465;V;VOYANT A 3 CH.TIV TYPE B-170;05410;IG.SF 65;05199;INFRALOG SY NON GERE;N;PIECE;68
79401466;V;VOYANT A 3 CH.TIV TYPE B-180;05410;IG.SF 65;05199;INFRALOG SY NON GERE;N;PIECE;68
79401468;V;VOYANT CIRCUL.REP.PROXIMITE;05410;IG.SF 65;05199;INFRALOG SY NON GERE;N;PIECE;68
79401493;V;"VOYANT LENTIL."" FLECHE BLANCHE";05410;IG.SF 65;05199;INFRALOG SY NON GERE;N;PIECE;68
79401501;V;VOYANT LENT.PR T.I.D.D. GAUCHE;05410;IG.SF 65;05199;INFRALOG SY NON GERE;N;PIECE;68
79401506;V;VOYANT POUR FEU BLANC A ECLATS;05410;IG.SF 65;05199;INFRALOG SY NON GERE;N;PIECE;68
79401516;V;VOYANT CARRE NOIR SUR BLANC,10;05410;IG.SF 65;05199;INFRALOG SY NON GERE;N;PIECE;68
79401517;V;VOYANT CARRE NOIR SUR BLANC,20;05410;IG.SF 65;05199;INFRALOG SY NON GERE;N;PIECE;68
79401518;V;VOYANT CARRE NOIR SUR BLANC,30;05410;IG.SF 65;05199;INFRALOG SY NON GERE;N;PIECE;68
79401519;V;VOYANT CARRE NOIR SUR BLANC,40;05410;IG.SF 65;05199;INFRALOG SY NON GERE;N;PIECE;68
79401520;V;VOYANT CARRE NOIR SUR BLANC,50;05410;IG.SF 65;05199;INFRALOG SY NON GERE;N;PIECE;68
79401521;V;VOYANT CARRE NOIR SUR BLANC,60;05410;IG.SF 65;05199;INFRALOG SY NON GERE;N;PIECE;68
79401522;V;VOYANT CARRE NOIR SUR BLANC,70;05410;IG.SF 65;05199;INFRALOG SY NON GERE;N;PIECE;68
79401523;V;VOYANT CARRE NOIR SUR BLANC,80;05410;IG.SF 65;05199;INFRALOG SY NON GERE;N;PIECE;68
79401524;V;VOYANT CARRE NOIR SUR BLANC,90;05410;IG.SF 65;05199;INFRALOG SY NON GERE;N;PIECE;68
79401525;V;VOYANT DE T.I.V DU TYPE B,60;05410;IG.SF 65;05199;INFRALOG SY NON GERE;N;PIECE;68
79401526;V;VOYANT DE T.I.V DU TYPE B,70;05410;IG.SF 65;05199;INFRALOG SY NON GERE;N;PIECE;68
79401527;V;VOYANT DE T.I.V DU TYPE B,80;05410;IG.SF 65;05199;INFRALOG SY NON GERE;N;PIECE;68
79401528;V;VOYANT DE T.I.V DU TYPE B,90;05410;IG.SF 65;05199;INFRALOG SY NON GERE;N;PIECE;68
79401529;V;VOYANT DE T.I.V DU TYPE B,100;05410;IG.SF 65;05199;INFRALOG SY NON GERE;N;PIECE;68
79401530;V;VOYANT DE T.I.V DU TYPE B,110;05410;IG.SF 65;05199;INFRALOG SY NON GERE;N;PIECE;68
79401531;V;VOYANT DE T.I.V DU TYPE B,120;05410;IG.SF 65;05199;INFRALOG SY NON GERE;N;PIECE;68
79401532;V;VOYANT DE T.I.V DU TYPE B,130;05410;IG.SF 65;05199;INFRALOG SY NON GERE;N;PIECE;68
79401533;V;VOYANT DE T.I.V DU TYPE B,140;05410;IG.SF 65;05199;INFRALOG SY NON GERE;N;PIECE;68
79401534;V;VOYANT DE T.I.V DU TYPE B,150;05410;IG.SF 65;05199;INFRALOG SY NON GERE;N;PIECE;68
79401539;V;VOYANT TIV TYPE C-60 REFLECT.;05410;IG.SF 65;05199;INFRALOG SY NON GERE;N;PIECE;68
79401540;V;VOYANT TIV TYPE C-70- REFLECT.;05410;IG.SF 65;05199;INFRALOG SY NON GERE;N;PIECE;68
79401541;V;VOYANT TIV TYPE C-80-REFLECT.;05410;IG.SF 65;05199;INFRALOG SY NON GERE;N;PIECE;68
79401542;V;VOYANT TIV TYPE C-90- REFLECT.;05410;IG.SF 65;05199;INFRALOG SY NON GERE;N;PIECE;68
79401543;V;VOYANT TIV TYPE C-100-REFLECT.;05410;IG.SF 65;05199;INFRALOG SY NON GERE;N;PIECE;68
79401544;V;VOYANT TIV TYPE C-110-REFLECT.;05410;IG.SF 65;05199;INFRALOG SY NON GERE;N;PIECE;68
79401545;V;VOYANT TIV TYPE C-120-REFLECT.;05410;IG.SF 65;05199;INFRALOG SY NON GERE;N;PIECE;68
79401546;V;VOYANT TIV TYPE C-130-REFLECT.;05410;IG.SF 65;05199;INFRALOG SY NON GERE;N;PIECE;68
79401547;V;VOYANT TIV TYPE C-140-REFLECT.;05410;IG.SF 65;05199;INFRALOG SY NON GERE;N;PIECE;68
79401548;V;VOYANT TIV TYPE C-150-REFLECT.;05410;IG.SF 65;05199;INFRALOG SY NON GERE;N;PIECE;68
79401549;V;VOYANT TIV TYPE C-160-REFLECT;05410;IG.SF 65;05199;INFRALOG SY NON GERE;N;PIECE;68
79401550;V;VOYANT A 3 CH.TIV TYPE B-190;05410;IG.SF 65;05199;INFRALOG SY NON GERE;N;PIECE;68
79401553;V;"VOYANT 2 CHIFFRES,TYPE B ""60""";05410;IG.SF 65;05199;INFRALOG SY NON GERE;N;PIECE;68
79401555;V;"VOYANT 2 CHIFFRES,TYPE B ""80""";05410;IG.SF 65;05199;INFRALOG SY NON GERE;N;PIECE;68
79401605;V;VOYANT REDUIT CARRE REFLECT.10;05410;IG.SF 65;05199;INFRALOG SY NON GERE;N;PIECE;68
79401606;V;VOYANT REDUIT CARRE REFLECT.20;05410;IG.SF 65;05199;INFRALOG SY NON GERE;N;PIECE;68
79401607;V;VOYANT REDUIT CARRE REFLECT-30;05410;IG.SF 65;05199;INFRALOG SY NON GERE;N;PIECE;68
79401608;V;VOYANT REDUIT CARRE REFLECT-40;05410;IG.SF 65;05199;INFRALOG SY NON GERE;N;PIECE;68
79401609;V;VOYANT REDUIT CARRE REFLECT-50;05410;IG.SF 65;05199;INFRALOG SY NON GERE;N;PIECE;68
79401610;V;VOYANT REDUIT CARRE REFLECT.60;05410;IG.SF 65;05199;INFRALOG SY NON GERE;N;PIECE;68
79401611;V;VOYANT REDUIT CARRE REFLECT.70;05410;IG.SF 65;05199;INFRALOG SY NON GERE;N;PIECE;68
79401612;V;VOYANT REDUIT CARRE REFLECT.80;05410;IG.SF 65;05199;INFRALOG SY NON GERE;N;PIECE;68
79401613;V;VOYANT REDUIT CARRE REFLECT.90;05410;IG.SF 65;05199;INFRALOG SY NON GERE;N;PIECE;68
79401618;V;VOYANT REPERE DIST.SIG.DROITE;05410;IG.SF 65;05199;INFRALOG SY NON GERE;N;PIECE;68
79401619;V;VOYANT REPERE DIST.SIG.GAUCHE;05410;IG.SF 65;05199;INFRALOG SY NON GERE;N;PIECE;68
79401638;V;"VOYANT A LENTILLE ""8"" (GRAS)";05410;IG.SF 65;05199;INFRALOG SY NON GERE;N;PIECE;68
79401655;V;"VOYANT TIV ""110"" REFLECTORISE";05410;IG.SF 65;05199;INFRALOG SY NON GERE;N;PIECE;68
79401656;V;"VOYANT TIV REFLECTORISE ""120""";05410;IG.SF 65;05199;INFRALOG SY NON GERE;N;PIECE;68
79401657;V;"VOYANT TIV REFLECTORISE ""130""";05410;IG.SF 65;05199;INFRALOG SY NON GERE;N;PIECE;68
79401658;V;"VOYANT TIV REFLECTORISE ""140""";05410;IG.SF 65;05199;INFRALOG SY NON GERE;N;PIECE;68
79401662;V;VOYANT TIV LOSANGE REFLEC. 30-;05410;IG.SF 65;05199;INFRALOG SY NON GERE;N;PIECE;68
79401663;V;VOYANT TIV LOSANGE REFLEC. 40.;05410;IG.SF 65;05199;INFRALOG SY NON GERE;N;PIECE;68
79401686;V;"VOYANT TIV B ""145"" REFLECT.";05410;IG.SF 65;05199;INFRALOG SY NON GERE;N;PIECE;68
79401688;V;VOYANT TIV TYPE C-145-REFLECT.;05410;IG.SF 65;05199;INFRALOG SY NON GERE;N;PIECE;68
79401689;V;VOYANT TIV TYPE C-155 REFLECT.;05410;IG.SF 65;05199;INFRALOG SY NON GERE;N;PIECE;68
79401695;V;"VOYANT DE PANCARTE ""TT""";05410;IG.SF 65;05199;INFRALOG SY NON GERE;N;PIECE;68
79401708;V;PLAQUE-F-PETIT MODELE-REFLEC.;05410;IG.SF 65;05199;INFRALOG SY NON GERE;N;PIECE;68
79401709;V;PLAQUE-NF-PETIT MODELE,REFL.;05410;IG.SF 65;05199;INFRALOG SY NON GERE;N;PIECE;68
79401710;V;PLAQUE ID- PR-PETIT MOD-REFL.;05410;IG.SF 65;05199;INFRALOG SY NON GERE;N;PIECE;68
79401726;V;VOYANT TABLEAU -D- REFECTORISE;05410;IG.SF 65;05199;INFRALOG SY NON GERE;N;PIECE;68
79401728;V;VOYANT TABLEAU-IMP-REFLECT-;05410;IG.SF 65;05199;INFRALOG SY NON GERE;N;PIECE;68
79401764;V;VOYANT PAN-ARRET MACH-REFLECT-;05410;IG.SF 65;05199;INFRALOG SY NON GERE;N;PIECE;68
79401765;V;"VOYANT ""ARRET MANOEUVRES"" REF.";05410;IG.SF 65;05199;INFRALOG SY NON GERE;N;PIECE;68
79401766;V;"VOYANT ""ARRET REFOULEMENT"" REF";05410;IG.SF 65;05199;INFRALOG SY NON GERE;N;PIECE;68
79401767;V;"VOYANT ""ARRET MOUV."" DEPOT REF";05410;IG.SF 65;05199;INFRALOG SY NON GERE;N;PIECE;68
79401768;V;"VOYANT DE PANCARTE REFLECT.""G""";05410;IG.SF 65;05199;INFRALOG SY NON GERE;N;PIECE;68
79401769;V;VOYANT DE PANCARTE REFLECT.SAS;05410;IG.SF 65;05199;INFRALOG SY NON GERE;N;PIECE;68
79401772;V;PLAQUE RECON. DIFF. VAT POTEAU;05410;IG.SF 65;05199;INFRALOG SY NON GERE;N;PIECE;68
79401773;V;PLAQUE DISP. RECON. VAT POTEAU;05410;IG.SF 65;05199;INFRALOG SY NON GERE;N;PIECE;68
79401775;V;PLAQUE RECON-DIF-VAT-POTENCE;05410;IG.SF 65;05199;INFRALOG SY NON GERE;N;PIECE;68
79401776;V;PLAQUE DISP.RECON.VAT POTENCE;05410;IG.SF 65;05199;INFRALOG SY NON GERE;N;PIECE;68
79401782;V;"VOYANT LENT.""COUPEZ COUR"" EXE.";05410;IG.SF 65;05199;INFRALOG SY NON GERE;N;PIECE;68
79401783;V;VOYANT COUPEZ COURANT FIN.PRC;05410;IG.SF 65;05199;INFRALOG SY NON GERE;N;PIECE;68
79401875;V;"VOYANT REDUIT TIV ""100"" REFECT";05410;IG.SF 65;05199;INFRALOG SY NON GERE;N;PIECE;68
79401876;V;"VOYANT REDUIT TIV ""110"" REFLEC";05410;IG.SF 65;05199;INFRALOG SY NON GERE;N;PIECE;68
79401878;V;"VOYANT REDUIT TIV ""130"" REFLEC";05410;IG.SF 65;05199;INFRALOG SY NON GERE;N;PIECE;68
79401880;V;"VOYANT TIV LOSANGE ""160""";05410;IG.SF 65;05199;INFRALOG SY NON GERE;N;PIECE;68
79401899;V;MASQUE SIGNAUX DE CHANTIER;05410;IG.SF 65;05199;INFRALOG SY NON GERE;N;PIECE;68
79401913;V;VOYANT (BAISSEZ PANTO.) 1500;05410;IG.SF 65;05199;INFRALOG SY NON GERE;N;PIECE;68
79401914;V;VOYANT (BAISSEZ PANTO.) 25000;05410;IG.SF 65;05199;INFRALOG SY NON GERE;N;PIECE;68
79401915;V;VOYANT LENTILLE-V.ELEC-;05410;IG.SF 65;05199;INFRALOG SY NON GERE;N;PIECE;68
79401920;V;VOYANT LENTILLE -TLC- T-DAMIER;05410;IG.SF 65;05199;INFRALOG SY NON GERE;N;PIECE;68
79401949;V;FLECHE POUR SIGNAUX;05410;IG.SF 65;05199;INFRALOG SY NON GERE;N;PIECE;68
79401953;V;"VOYANT REPERE ""CHEVRON"" REFLEC";05410;IG.SF 65;05199;INFRALOG SY NON GERE;N;PIECE;68
79401962;V;"VOYANT ""CHAUFFAGE"" DE COUPURE";05410;IG.SF 65;05199;INFRALOG SY NON GERE;N;PIECE;68
79401963;V;"VOYANT ""CHAUFFAGE"" RETABLISSE.";05410;IG.SF 65;05199;INFRALOG SY NON GERE;N;PIECE;68
79402062;V;VOYANT TIV TYPE C-135-REFLECT.;05410;IG.SF 65;05199;INFRALOG SY NON GERE;N;PIECE;68
79402068;V;VOYANT RED.TIV.CAR.REFL.95;05410;IG.SF 65;05199;INFRALOG SY NON GERE;N;PIECE;68
79402093;V;VOYANT TIV TYPE  C-50 REFLECT.;05410;IG.SF 65;05199;INFRALOG SY NON GERE;N;PIECE;68
79402097;V;"VOYANT LENTILLES ""4""";05410;IG.SF 65;05191;INFRALOG SM1;N;PIECE;68
79402127;V;"VOYANT LENT""BAISSEZ-PANTO"" FP";05410;IG.SF 65;05199;INFRALOG SY NON GERE;N;PIECE;68
79402172;V;ELEMENT DE GRAND CADRE NOIR;05410;IG.SF 65;05199;INFRALOG SY NON GERE;N;PIECE;68
79402173;V;ELEMENT DU GRAND CADRE BLANC;05410;IG.SF 65;05199;INFRALOG SY NON GERE;N;PIECE;68
79402231;V;VOYANT EFFACABLE POUR TECS;05410;IG.SF 65;05199;INFRALOG SY NON GERE;N;PIECE;68
79402232;V;VOYANT EFFACABLE POUR TSCS;05410;IG.SF 65;05199;INFRALOG SY NON GERE;N;PIECE;68
79402252;V;VOYANT EFF.BAISSEZ PANTO DIST.;05410;IG.SF 65;05199;INFRALOG SY NON GERE;N;PIECE;68
79402253;V;VOYANT REDUIT BAISSEZ PANTO EX;05410;IG.SF 65;05199;INFRALOG SY NON GERE;N;PIECE;68
79402256;V;VOYANT REDUIT FIXE-60-CARRE;05410;IG.SF 65;05199;INFRALOG SY NON GERE;N;PIECE;68
79402266;V;VOYANT LENTILLE TIND VERS HAUT;05410;IG.SF 65;05199;INFRALOG SY NON GERE;N;PIECE;68
79402267;V;VOYANT CIRCULAIRE BLANC FLECHE;05410;IG.SF 65;05199;INFRALOG SY NON GERE;N;PIECE;68
79402275;V;VOYANT CADR.ARRET TRAINS CHANT;05410;IG.SF 65;05199;INFRALOG SY NON GERE;N;PIECE;68
79402296;V;VOYANT DE DISQUE JAUNE POLYEST;05410;IG.SF 65;05199;INFRALOG SY NON GERE;N;PIECE;68
79402299;V;VOYANT TRANSLUC-SIGNX A GAUCHE;05410;IG.SF 65;05199;INFRALOG SY NON GERE;N;PIECE;68
79402302;V;VOYANT TRANSLUCIDE -FIN TGV-;05410;IG.SF 65;05199;INFRALOG SY NON GERE;N;PIECE;68
79402307;V;VOYANT A LENTILLE SIG.A GAUCHE;05410;IG.SF 65;05199;INFRALOG SY NON GERE;N;PIECE;68
79402309;V;VOYANT REFLECT.REPERE NF OU F;05410;IG.SF 65;05199;INFRALOG SY NON GERE;N;PIECE;68
79402314;V;ECRAN BOITE A FEUX (LGV - PN);05410;IG.SF 65;05199;INFRALOG SY NON GERE;N;PIECE;68
79402344;V;VOYANT REDUIT FIXE-30-CARRE;05410;IG.SF 65;05199;INFRALOG SY NON GERE;N;PIECE;68
79402347;V;"PLAQUE ""BM"" GRAND MOD.POLYEST.";05410;IG.SF 65;05199;INFRALOG SY NON GERE;N;PIECE;68
79402372;V;PLAQUE REPERAGE KILOMETRIQ.TGV;05410;IG.SF 65;05199;INFRALOG SY NON GERE;N;PIECE;68
79402373;V;PLAQUE PRESENCE DES CM (TGV);05410;IG.SF 65;05199;INFRALOG SY NON GERE;N;PIECE;68
79402392;V;VOYANT REFLECT.ARRET TRAIN.CHA;05410;IG.SF 65;05191;INFRALOG SM1;N;PIECE;68
79402400;V;ECRAN 1966 COMPLET BLH-POLYEST;05410;IG.SF 65;05199;INFRALOG SY NON GERE;N;PIECE;68
79402401;V;ECRAN COMPLET PR TABLEAUX 1966;05410;IG.SF 65;05199;INFRALOG SY NON GERE;N;PIECE;68
79402402;V;PLAQUE NF GRAND MODELE;05410;IG.SF 65;05199;INFRALOG SY NON GERE;N;PIECE;68
79402403;V;PLAQUE -F- GRAND MODELE;05410;IG.SF 65;05199;INFRALOG SY NON GERE;N;PIECE;68
79402406;V;PLAQUE DE RECONNAISSANCE GM;05410;IG.SF 65;05199;INFRALOG SY NON GERE;N;PIECE;68
79402408;V;PLAQUE DISPENSE RECONNAISS. GM;05410;IG.SF 65;05199;INFRALOG SY NON GERE;N;PIECE;68
79402409;V;PLAQUE -DD- GRAND MODELE;05410;IG.SF 65;05199;INFRALOG SY NON GERE;N;PIECE;68
79402410;V;PLAQUE MI-BLANCHE MI-VERTE GM;05410;IG.SF 65;05199;INFRALOG SY NON GERE;N;PIECE;68
79402453;V;"VOYANT CIRCUL.TIV.DISTAN.""160""";05410;IG.SF 65;05199;INFRALOG SY NON GERE;N;PIECE;68
79402454;V;"VOYANT CIRCUL.TIV.EXECUT.""160""";05410;IG.SF 65;05199;INFRALOG SY NON GERE;N;PIECE;68
79402455;V;"VOYANT REFLECTORISE ""TGV"" -B/N";05410;IG.SF 65;05199;INFRALOG SY NON GERE;N;PIECE;68
79402457;V;PLAQUE CANTONNEMENT B.M-GR.MOD;05410;IG.SF 65;05199;INFRALOG SY NON GERE;N;PIECE;68
79402458;V;"PLAQUE CANTONNEMENT ""PR""GR.MOD";05410;IG.SF 65;05199;INFRALOG SY NON GERE;N;PIECE;68
79402460;V;MASQUE POUR PICTOGRAMME PIETON;05410;IG.SF 65;05199;INFRALOG SY NON GERE;N;PIECE;68
79402509;V;PLAQUE CANTONNEMENT(BM)-PM;05410;IG.SF 65;05199;INFRALOG SY NON GERE;N;PIECE;68
79402515;V;PLAQUE RECONNAISSANCE DIFFE.PM;05410;IG.SF 65;05199;INFRALOG SY NON GERE;N;PIECE;68
79402545;V;"VOYANT TIV A DISTANCE ""80""";05410;IG.SF 65;05199;INFRALOG SY NON GERE;N;PIECE;68
79402549;V;"VOYANT TIV A DISTANCE ""120""";05410;IG.SF 65;05199;INFRALOG SY NON GERE;N;PIECE;68
79402552;V;"VOYANT TIV A DISTANCE ""150""";05410;IG.SF 65;05199;INFRALOG SY NON GERE;N;PIECE;68
79402583;V;COFFRET COMMANDE-ALIM.1 CAISS.;05410;IG.SF 65;05199;INFRALOG SY NON GERE;N;PIECE;68
79402584;V;COFFRET COMMANDE-ALIM.2 CAISS.;05410;IG.SF 65;05199;INFRALOG SY NON GERE;N;PIECE;68
79402588;V;"VOYANT REFLECTORISE ""GARE""";05410;IG.SF 65;05199;INFRALOG SY NON GERE;N;PIECE;68
79402593;V;"VOYANT NON REFLEC. ""TGV 1-2""";05410;IG.SF 65;05199;INFRALOG SY NON GERE;N;PIECE;68
79402594;V;"VOYANT NON REFLEC. ""TGV 1""";05410;IG.SF 65;05199;INFRALOG SY NON GERE;N;PIECE;68
79402595;V;"VOYANT NON REFLECT. ""TGV 2""";05410;IG.SF 65;05199;INFRALOG SY NON GERE;N;PIECE;68
79402597;V;"VOYANT DE PANCARTE "" X A   M """;05410;IG.SF 65;05199;INFRALOG SY NON GERE;N;PIECE;68
79402640;V;VOYANT MIRLITON A 1 BANDE N.R.;05410;IG.SF 65;05191;INFRALOG SM1;N;PIECE;68
79402641;V;VOYANT MIRLITON A 2 BANDES N.R;05410;IG.SF 65;05191;INFRALOG SM1;N;PIECE;68
79402642;V;VOYANT MIRLITON A 3 BANDES N.R;05410;IG.SF 65;05191;INFRALOG SM1;N;PIECE;68
79402679;V;VOYANT A LENTILLE -IMP- 450 MM;05410;IG.SF 65;05199;INFRALOG SY NON GERE;N;PIECE;68
79402687;V;"VOYANT ""ARRET""500X500,REFLEC.";05410;IG.SF 65;05199;INFRALOG SY NON GERE;N;PIECE;68
79402689;V;"VOYANT ""Z"" REFLECTORISE";05410;IG.SF 65;05199;INFRALOG SY NON GERE;N;PIECE;68
79402691;V;"VOYANT "" MV "" REFLECTORISE";05410;IG.SF 65;05199;INFRALOG SY NON GERE;N;PIECE;68
79402694;V;"VOYANT ""CDE RADIO"" REFLECTORIS";05410;IG.SF 65;05199;INFRALOG SY NON GERE;N;PIECE;68
79402695;V;"VOYANT""MI-BLANC,MI-NOIR""REFLEC";05410;IG.SF 65;05199;INFRALOG SY NON GERE;N;PIECE;68
79402696;V;"VOYANT""SIGNAUX A GAUCHE""REFLEC";05410;IG.SF 65;05199;INFRALOG SY NON GERE;N;PIECE;68
79402697;V;"VOYANT""SIGNAUX A DROITE""REFLEC";05410;IG.SF 65;05199;INFRALOG SY NON GERE;N;PIECE;68
79402853;V;VOYANT TRANSM.DONNEES NUMERIQ.;05410;IG.SF 65;05199;INFRALOG SY NON GERE;N;PIECE;68
79402856;V;VOYANT Z REFLECTORISE NORMAL;05410;IG.SF 65;05199;INFRALOG SY NON GERE;N;PIECE;68
79402857;V;VOYANT R REFLECTORISE NORMAL;05410;IG.SF 65;05199;INFRALOG SY NON GERE;N;PIECE;68
79402871;V;ECRAN ATTENUATEUR BOITE A FEU;05410;IG.SF 65;05199;INFRALOG SY NON GERE;N;PIECE;68
79402879;V;"VOYANT ""REV"" REFLECTORISE";05410;IG.SF 65;05199;INFRALOG SY NON GERE;N;PIECE;68
79403005;V;"VOYANT CIRCUL.TIV.DISTAN.""140""";05410;IG.SF 65;05199;INFRALOG SY NON GERE;N;PIECE;68
79403006;V;"VOYANT CIRCUL.TIV.EXECUT.""140""";05410;IG.SF 65;05199;INFRALOG SY NON GERE;N;PIECE;68
79403032;V;VOYANT ARRET RENFORTS REFLECT.;05410;IG.SF 65;05199;INFRALOG SY NON GERE;N;PIECE;68
79403038;V;VOYANT REFLECT POUR FIN DE CAB;05410;IG.SF 65;05199;INFRALOG SY NON GERE;N;PIECE;68
79403039;V;VOYANT CAB REFLECT BLANC/NOIR;05410;IG.SF 65;05199;INFRALOG SY NON GERE;N;PIECE;68
79403040;V;VOYANT TRANSL CAB BLANC/NOIR;05410;IG.SF 65;05199;INFRALOG SY NON GERE;N;PIECE;68
79403041;V;VOYANT TRANSL FIN DE CAB B/N;05410;IG.SF 65;05199;INFRALOG SY NON GERE;N;PIECE;68
79403042;V;VOYANT CAB REFLECT NOIR/BLANC;05410;IG.SF 65;05199;INFRALOG SY NON GERE;N;PIECE;68
79403043;V;VOYANT REFL ARR TRA CH 500X500;05410;IG.SF 65;05199;INFRALOG SY NON GERE;N;PIECE;68
79403091;V;VOYANT CIR.TIV EXEC.10 REFLEC;05410;IG.SF 65;05199;INFRALOG SY NON GERE;N;PIECE;68
79403092;V;VOYANT CIR.TIV EXEC.20 REFLEC;05410;IG.SF 65;05199;INFRALOG SY NON GERE;N;PIECE;68
79403094;V;VOYANT CIR.TIV EXEC.40 REFLEC;05410;IG.SF 65;05199;INFRALOG SY NON GERE;N;PIECE;68
79403095;V;VOYANT CIR.TIV EXEC.50 REFLEC;05410;IG.SF 65;05199;INFRALOG SY NON GERE;N;PIECE;68
79403097;V;VOYANT CIR.TIV EXEC.70 REFLEC;05410;IG.SF 65;05199;INFRALOG SY NON GERE;N;PIECE;68
79403098;V;VOYANT CIR.TIV EXEC.80 REFLEC;05410;IG.SF 65;05199;INFRALOG SY NON GERE;N;PIECE;68
79403099;V;VOYANT CIR.TIV EXEC.90 REFLEC;05410;IG.SF 65;05199;INFRALOG SY NON GERE;N;PIECE;68
79403101;V;VOYANT CIR.TIV EXEC.120 REFLEC;05410;IG.SF 65;05199;INFRALOG SY NON GERE;N;PIECE;68
79403102;V;VOYANT CIR.TIV EXEC.160 REFLEC;05410;IG.SF 65;05199;INFRALOG SY NON GERE;N;PIECE;68
79403104;V;VOYANT CIR.BLANC FLECHE REFLEC;05410;IG.SF 65;05199;INFRALOG SY NON GERE;N;PIECE;68
79403107;V;MASQUE POUR TVP DERANGEMENT;05410;IG.SF 65;05199;INFRALOG SY NON GERE;N;PIECE;68
79403120;V;INDICATEUR POSITION D'AIGUILLE;05410;IG.SF 65;05199;INFRALOG SY NON GERE;N;PIECE;68
79403136;V;"VOYANT ""TTL""";05410;IG.SF 65;05199;INFRALOG SY NON GERE;N;PIECE;68
79403137;V;VOYANT Z50 X REFLECTORISE;05410;IG.SF 65;05199;INFRALOG SY NON GERE;N;PIECE;68
79403139;V;"VOYANT ""Z50 1-X"" REFLECTORISE";05410;IG.SF 65;05199;INFRALOG SY NON GERE;N;PIECE;68
79403140;V;VOYANT Z50 REBT REFLECTORISE;05410;IG.SF 65;05199;INFRALOG SY NON GERE;N;PIECE;68
79403141;V;VOYANT UFR  NON REFLECTORISE;05410;IG.SF 65;05199;INFRALOG SY NON GERE;N;PIECE;68
79403149;V;CAISSON MULTILUX M500 LED;05410;IG.SF 65;05191;INFRALOG SM1;N;PIECE;68
79403150;V;ECRAN PANNEAU A BAF UNIVERSEL;05410;IG.SF 65;05199;INFRALOG SY NON GERE;N;PIECE;68
79403151;V;ECRAN PANN B BAF UNIVERSEL;05410;IG.SF 65;05199;INFRALOG SY NON GERE;N;PIECE;68
79403152;V;ECR INF PAN CDEFH BAF UNIV;05410;IG.SF 65;05199;INFRALOG SY NON GERE;N;PIECE;68
79403153;V;ECRAN INF PANN G BAF UNIV;05410;IG.SF 65;05199;INFRALOG SY NON GERE;N;PIECE;68
79403154;V;ECRAN SUP PANN C BAF UNIV;05410;IG.SF 65;05199;INFRALOG SY NON GERE;N;PIECE;68
79403155;V;ECRAN SUP PANN E BAF UNIV;05410;IG.SF 65;05199;INFRALOG SY NON GERE;N;PIECE;68
79403156;V;ECRAN SUP PANN F BAF UNIV;05410;IG.SF 65;05199;INFRALOG SY NON GERE;N;PIECE;68
79403157;V;ECRAN SUP PANN G BAF UNIV;05410;IG.SF 65;05199;INFRALOG SY NON GERE;N;PIECE;68
79403158;V;ECRAN SUP PANN H BAF UNIV;05410;IG.SF 65;05199;INFRALOG SY NON GERE;N;PIECE;68
79403159;V;ECRAN PANNEAU I BAF UNIVERSEL;05410;IG.SF 65;05199;INFRALOG SY NON GERE;N;PIECE;68
79403186;V;PANCARTE ARRET SECTIONMT CRIT;05410;IG.SF 65;05199;INFRALOG SY NON GERE;N;PIECE;68
79403187;V;PANCARTE LONGUEUR TRAIN;05410;IG.SF 65;05199;INFRALOG SY NON GERE;N;PIECE;68
79403188;V;PANCARTE REBROUSSEMENT;05410;IG.SF 65;05199;INFRALOG SY NON GERE;N;PIECE;68
79403191;V;ECRAN DE CONTRASTE CARRE;05410;IG.SF 65;05199;INFRALOG SY NON GERE;N;PIECE;68
79403192;V;VOYANT DE PANCARTE DEMI TOUR;05410;IG.SF 65;05199;INFRALOG SY NON GERE;N;PIECE;68
79403194;V;VOYANT ERTMS N2 REFLECTORISE;05410;IG.SF 65;05199;INFRALOG SY NON GERE;N;PIECE;68
79403195;V;VOYANT DEB SNCF RESEAU REFLEC;05410;IG.SF 65;05199;INFRALOG SY NON GERE;N;PIECE;68
79403196;V;VOYANT FIN SNCF RESEAU REFLEC;05410;IG.SF 65;05199;INFRALOG SY NON GERE;N;PIECE;68
79403198;V;ECRAN TYPE PARIS-EST A 5 FEUX;05410;IG.SF 65;05199;INFRALOG SY NON GERE;N;PIECE;68
79403199;V;PANCARTE ORIGINE SECTION;05410;IG.SF 65;05199;INFRALOG SY NON GERE;N;PIECE;68
79403200;V;PANCARTE IDENT SENS REP GARAGE;05410;IG.SF 65;05199;INFRALOG SY NON GERE;N;PIECE;68
79403201;V;FLECHE DE REPERAGE DE GARAGE;05410;IG.SF 65;05199;INFRALOG SY NON GERE;N;PIECE;68
79403203;V;"VOYANT REFLECTORISE ""NEXT""";05410;IG.SF 65;05199;INFRALOG SY NON GERE;N;PIECE;68
79403204;V;"VOYANT REFLECTORISE ""FIN NEXT""";05410;IG.SF 65;05199;INFRALOG SY NON GERE;N;PIECE;68
79403205;V;PANCARTE TRANSITION DE VITESSE;05410;IG.SF 65;05199;INFRALOG SY NON GERE;N;PIECE;68
79403226;V;PANCARTE RACCORDEMENT;05410;IG.SF 65;05199;INFRALOG SY NON GERE;N;PIECE;68
79403227;V;PANCARTE COUPE;05410;IG.SF 65;05199;INFRALOG SY NON GERE;N;PIECE;68
79403228;V;PANONCEAU LONGUEUR TRAIN;05410;IG.SF 65;05199;INFRALOG SY NON GERE;N;PIECE;68
79403239;V;"REPERE ""STOP"" ETCS NORMAL";05410;IG.SF 65;05199;INFRALOG SY NON GERE;N;UNITE;68
79403240;V;"REPERE ""STOP"" ETCS REDUIT";05410;IG.SF 65;05199;INFRALOG SY NON GERE;N;UNITE;68
79403241;V;PANCARTE ERTMS TR DE NIV NORM;05410;IG.SF 65;05199;INFRALOG SY NON GERE;N;UNITE;68
79403242;V;PANCARTE ERTMS TR DE NIV RED;05410;IG.SF 65;05199;INFRALOG SY NON GERE;N;UNITE;68
79403243;V;PANCARTE ERTMS TR DE NIV1 NORM;05410;IG.SF 65;05199;INFRALOG SY NON GERE;N;UNITE;68
79403244;V;PANCARTE ERTMS TR DE NIV1 RED;05410;IG.SF 65;05199;INFRALOG SY NON GERE;N;UNITE;68
79403245;V;PANCARTE ERTMS TR DE NIV 2 NOR;05410;IG.SF 65;05199;INFRALOG SY NON GERE;N;UNITE;68
79403246;V;PANCARTE ERTMS TR DE NIV 2 RED;05410;IG.SF 65;05199;INFRALOG SY NON GERE;N;UNITE;68
79403247;V;PANCARTE ERTMS BAISSEZ PANTO;05410;IG.SF 65;05199;INFRALOG SY NON GERE;N;UNITE;68
79403248;V;PANCARTE ERTMS PANTO ABAISSE;05410;IG.SF 65;05199;INFRALOG SY NON GERE;N;UNITE;68
79403249;V;PANCARTE ERTMS LEVEZ LE PANTO;05410;IG.SF 65;05199;INFRALOG SY NON GERE;N;UNITE;68
79403250;V;PANCARTE ERTMS AN COUP COUR;05410;IG.SF 65;05199;INFRALOG SY NON GERE;N;UNITE;68
79403251;V;PANCARTE ERTMS EXE COUP COUR;05410;IG.SF 65;05199;INFRALOG SY NON GERE;N;UNITE;68
79403252;V;PANCARTE ERTMS FIN COUP COUR;05410;IG.SF 65;05199;INFRALOG SY NON GERE;N;UNITE;68
79403253;V;PANCARTE ERTMS GSM-R;05410;IG.SF 65;05199;INFRALOG SY NON GERE;N;UNITE;68
79403254;V;PANCARTE ERTMS SIFFLEZ;05410;IG.SF 65;05199;INFRALOG SY NON GERE;N;UNITE;68
79403255;V;PANCARTE ERTMS EXE 25 KV;05410;IG.SF 65;05199;INFRALOG SY NON GERE;N;UNITE;68
79403256;V;PANCARTE ERTMS 25 KV LGV;05410;IG.SF 65;05199;INFRALOG SY NON GERE;N;UNITE;68
79403257;V;PANCARTE ERTMS EXE 1500 V;05410;IG.SF 65;05199;INFRALOG SY NON GERE;N;UNITE;68
79403258;V;PANCARTE ERTMS AN 25 KV;05410;IG.SF 65;05199;INFRALOG SY NON GERE;N;UNITE;68
79403259;V;PANCARTE ERTMS AN 25 KV LGV;05410;IG.SF 65;05199;INFRALOG SY NON GERE;N;UNITE;68
79502151;V;SUPPORT POUR 1 FEU DE HEURTOIR;05410;IG.SF 65;05199;INFRALOG SY NON GERE;N;PIECE;68
79502246;V;LAMPE 220V-70 A 75W-E27 LG DUR;05410;IG.SF 65;05199;INFRALOG SY NON GERE;N;PIECE;68
79502247;V;LAMPE 220-40W-E27 LONGUE DUREE;05410;IG.SF 65;05199;INFRALOG SY NON GERE;N;PIECE;68
79502324;V;"LAMPE BOUTON-POUSSOIR ""AV74""";05410;IG.SF 65;05199;INFRALOG SY NON GERE;N;PIECE;68
79502684;V;KIT DE REMISE A NIV. POUR TIP;05410;IG.SF 65;05199;INFRALOG SY NON GERE;N;UNITE;68
79502686;V;CARTE DE PILOTAGE TIP A DIODES;05410;IG.SF 65;05199;INFRALOG SY NON GERE;N;UNITE;68
79503082;V;VOY CROIX BLANCHE LUMINEUSE;05410;IG.SF 65;05199;INFRALOG SY NON GERE;N;PIECE;68
79503083;V;VOYANT AUT MISE EN MVT BARRE;05410;IG.SF 65;05199;INFRALOG SY NON GERE;N;PIECE;68
79503084;V;VOYANT AUT MISE EN MVT POINTS;05410;IG.SF 65;05199;INFRALOG SY NON GERE;N;PIECE;68
79503253;V;PANCARTE ERTMS GSM-R;05410;IG.SF 65;05199;INFRALOG SY NON GERE;N;UNITE;68
79510670;V;VOYANT BLANC TCO CAMPAGNE;05410;IG.SF 65;05199;INFRALOG SY NON GERE;N;PIECE;68
79510671;V;VOYANT ROUGEC TCO CAMPAGNE;05410;IG.SF 65;05199;INFRALOG SY NON GERE;N;PIECE;68
79510672;V;VOYANT JAUNE TCO CAMPAGNE;05410;IG.SF 65;05199;INFRALOG SY NON GERE;N;PIECE;68
79510673;V;VOYANT VERT TCO CAMPAGNE;05410;IG.SF 65;05199;INFRALOG SY NON GERE;N;PIECE;68
79521516;V;RACK AZLM 2003 NU;05410;IG.SF 65;05194;INFRALOG SE2;N;PIECE;68
79521518;V;CARTE DE FOND DE PANIER E-ES;05410;IG.SF 65;05199;INFRALOG SY NON GERE;N;PIECE;68
79521520;V;CARTE ALIM 48V/5V/12V/100W;05410;IG.SF 65;05199;INFRALOG SY NON GERE;N;PIECE;68
79521521;V;CARTE UC AZLM 2003-128MB;05410;IG.SF 65;05199;INFRALOG SY NON GERE;N;PIECE;68
79521522;V;CARTE E/S AZLM 2003-ISDN;05410;IG.SF 65;05199;INFRALOG SY NON GERE;N;PIECE;68
79521523;V;PLAQUE D'OBTURATION AZLM;05410;IG.SF 65;05199;INFRALOG SY NON GERE;N;PIECE;68
79521524;V;CONVERTISSEUR 48V/110V;05410;IG.SF 65;05199;INFRALOG SY NON GERE;N;PIECE;68
79521525;V;AZLM PCDU;05410;IG.SF 65;05199;INFRALOG SY NON GERE;N;PIECE;68
79521526;V;CONVERT. ISDN-V24 LT/LT;05410;IG.SF 65;05199;INFRALOG SY NON GERE;N;PIECE;68
79521527;V;CONVERT. ISDN-V24 NT/NT;05410;IG.SF 65;05199;INFRALOG SY NON GERE;N;PIECE;68
79521529;V;CABLE ETHERNET DROIT 3M;05410;IG.SF 65;05199;INFRALOG SY NON GERE;N;PIECE;68
79521530;V;CABLE SERIE CROISE 3M;05410;IG.SF 65;05199;INFRALOG SY NON GERE;N;PIECE;68
79521531;V;LOT DETECTEUR SK30H 4M;05410;IG.SF 65;05199;INFRALOG SY NON GERE;N;PIECE;68
79521532;V;EMETTEUR DET 1-CABLE 4M;05410;IG.SF 65;05199;INFRALOG SY NON GERE;N;PIECE;68
79521533;V;EMETTEUR DET 2-CABLE 4M;05410;IG.SF 65;05199;INFRALOG SY NON GERE;N;PIECE;68
79521534;V;RECEPTEUR DET 1-CABLE 4M;05410;IG.SF 65;05199;INFRALOG SY NON GERE;N;PIECE;68
79521535;V;RECEPTEUR DET 2-CABLE 4M;05410;IG.SF 65;05199;INFRALOG SY NON GERE;N;PIECE;68
79521536;V;LOT DETECTEUR SK30H 5,5M;05410;IG.SF 65;05199;INFRALOG SY NON GERE;N;PIECE;68
79521537;V;EMETTEUR DET 1-CABLE 5,5M;05410;IG.SF 65;05199;INFRALOG SY NON GERE;N;PIECE;68
79521538;V;EMETTEUR DET 2-CABLE 5,5M;05410;IG.SF 65;05199;INFRALOG SY NON GERE;N;PIECE;68
79521539;V;RECEPTEUR DET 1-CABLE 5,5M;05410;IG.SF 65;05199;INFRALOG SY NON GERE;N;PIECE;68
79521540;V;RECEPTEUR DET 2-CABLE 5,5M;05410;IG.SF 65;05199;INFRALOG SY NON GERE;N;PIECE;68
79521541;V;LOT DETECTEUR SK30H 8M;05410;IG.SF 65;05199;INFRALOG SY NON GERE;N;PIECE;68
79521542;V;EMETTEUR DET 1-CABLE 8M;05410;IG.SF 65;05199;INFRALOG SY NON GERE;N;PIECE;68
79521543;V;EMETTEUR DET 2-CABLE 8M;05410;IG.SF 65;05199;INFRALOG SY NON GERE;N;PIECE;68
79521544;V;RECEPTEUR DET 1-CABLE 8M;05410;IG.SF 65;05199;INFRALOG SY NON GERE;N;PIECE;68
79521545;V;RECEPTEUR DET 2-CABLE 8M;05410;IG.SF 65;05199;INFRALOG SY NON GERE;N;PIECE;68
79521546;V;SUPPORT DE EAK DE 0,4M;05410;IG.SF 65;05199;INFRALOG SY NON GERE;N;PIECE;68
79521547;V;SUPPORT DE EAK DE 0,9M;05410;IG.SF 65;05199;INFRALOG SY NON GERE;N;PIECE;68
79521548;V;GAINE PROTECTION DETECTEUR;05410;IG.SF 65;05199;INFRALOG SY NON GERE;N;METRE;68
79521549;V;KIT FIXATION CABLES DETECT;05410;IG.SF 65;05199;INFRALOG SY NON GERE;N;PIECE;68
79521550;V;BOITIER EAK VIDE;05410;IG.SF 65;05199;INFRALOG SY NON GERE;N;PIECE;68
79521551;V;UNITE ELECTRONIQUE E-ES;05410;IG.SF 65;05199;INFRALOG SY NON GERE;N;PIECE;68
79521552;V;RACK NU POUR E-ES BJ;05410;IG.SF 65;05199;INFRALOG SY NON GERE;N;PIECE;68
79521553;V;CARTE ANALOGIQUE 120V E-ES;05410;IG.SF 65;05199;INFRALOG SY NON GERE;N;PIECE;68
79521554;V;CARTE EVALUATRICE E-ES;05410;IG.SF 65;05199;INFRALOG SY NON GERE;N;PIECE;68
79521555;V;FILTRE CEM POUR E-ES;05410;IG.SF 65;05199;INFRALOG SY NON GERE;N;PIECE;68
79521556;V;ADAPTATEUR POUR DETRECTEUR;05410;IG.SF 65;05199;INFRALOG SY NON GERE;N;PIECE;68
79521557;V;VALISE DE TEST AZLM;05410;IG.SF 65;05199;INFRALOG SY NON GERE;N;PIECE;68
79521564;V;DETECTEUR SK30K 4M COMPLET;05410;IG.SF 65;05199;INFRALOG SY NON GERE;N;PIECE;68
79521565;V;EMETTEUR SK30K CABLE 4M;05410;IG.SF 65;05199;INFRALOG SY NON GERE;N;PIECE;68
79521566;V;RECEPTEUR SK30K CABLE 4M;05410;IG.SF 65;05199;INFRALOG SY NON GERE;N;PIECE;68
79521567;V;DETECTEUR SK30K 5,5M COMPLET;05410;IG.SF 65;05199;INFRALOG SY NON GERE;N;PIECE;68
79521568;V;EMETTEUR SK30K CABLE 5.5M;05410;IG.SF 65;05199;INFRALOG SY NON GERE;N;PIECE;68
79521569;V;RECEPTEUR SK30K CABLE 5.5M;05410;IG.SF 65;05199;INFRALOG SY NON GERE;N;PIECE;68
79521571;V;EMETTEUR SK30K CABLE 8M;05410;IG.SF 65;05199;INFRALOG SY NON GERE;N;PIECE;68
79521572;V;RECEPTEUR SK30K CABLE 8M;05410;IG.SF 65;05199;INFRALOG SY NON GERE;N;PIECE;68
79521573;V;SUPPORT BJ ELECTR. EAK30K;05410;IG.SF 65;05199;INFRALOG SY NON GERE;N;PIECE;68
79521574;V;BJ ELECTR. EAK30K COMPLETE;05410;IG.SF 65;05199;INFRALOG SY NON GERE;N;PIECE;68
79521575;V;CARTE ELECTRONIQUE E-ES;05410;IG.SF 65;05199;INFRALOG SY NON GERE;N;PIECE;68
79521576;V;FOND DE BOITIER EAK30K;05410;IG.SF 65;05199;INFRALOG SY NON GERE;N;PIECE;68
79521577;V;COUVERCLE POUR EAK30K;05410;IG.SF 65;05199;INFRALOG SY NON GERE;N;PIECE;68
79521578;V;PLATINE EQUIP. CDV A ITE;05410;IG.SF 65;05199;INFRALOG SY NON GERE;N;PIECE;68
79521598;V;CARTE CPU SCC AZLM 2OO3;05410;IG.SF 65;05199;INFRALOG SY NON GERE;N;PIECE;68
79521599;V;PROGRAM PLUG POUR CPU SCC;05410;IG.SF 65;05199;INFRALOG SY NON GERE;N;PIECE;68
79521600;V;CONVERTISSEUR ISDN/ETHERNET;05410;IG.SF 65;05199;INFRALOG SY NON GERE;N;PIECE;68
79521601;V;CONVERTISSEUR DC 24/24V;05410;IG.SF 65;05199;INFRALOG SY NON GERE;N;PIECE;68
79521602;V;PROGRAM PLUG CONVERTISSEUR;05410;IG.SF 65;05199;INFRALOG SY NON GERE;N;PIECE;68
79521603;V;CONVERTISSEUR DC/DC 24V/110V;05410;IG.SF 65;05199;INFRALOG SY NON GERE;N;PIECE;68
79521604;V;CHASSIS CONVERTISSEUR;05410;IG.SF 65;05199;INFRALOG SY NON GERE;N;PIECE;68
79521605;V;PASSAGE DE CABLES;05410;IG.SF 65;05199;INFRALOG SY NON GERE;N;PIECE;68
79545538;V;CONDENSATEUR C031 220MF 10V;05410;IG.SF 65;05199;INFRALOG SY NON GERE;N;PIECE;68
79545745;V;EUROBALISE STANDARD ANSALDO;05410;IG.SF 65;05202;INFRALOG SE4;N;PIECE;68
79545830;V;MODULE ALIS TYPE 1 ETCS1;05410;IG.SF 65;05199;INFRALOG SY NON GERE;N;PIECE;68
79545831;V;VALISE BEPT CORE;05410;IG.SF 65;05192;INFRALOG SE1;N;PIECE;68
79545832;V;TABLETTE TACTILE BEPT TERMINAL;05410;IG.SF 65;05199;INFRALOG SY NON GERE;N;PIECE;68
79545833;V;CLE BOOT BEPT;05410;IG.SF 65;05199;INFRALOG SY NON GERE;N;PIECE;68
79545834;V;CLE DE CONFIGURATION CKSPI;05410;IG.SF 65;05199;INFRALOG SY NON GERE;N;PIECE;68
79545835;V;CARTE COM ETCS1;05410;IG.SF 65;05199;INFRALOG SY NON GERE;N;PIECE;68
79545836;V;CARTE EBM ETCS1;05410;IG.SF 65;05199;INFRALOG SY NON GERE;N;PIECE;68
79545837;V;CARTE EBXT ETCS1;05410;IG.SF 65;05199;INFRALOG SY NON GERE;N;PIECE;68
79545838;V;EUROBALISE COMPACTE ETCS1;05410;IG.SF 65;05199;INFRALOG SY NON GERE;N;PIECE;68
79545840;V;CARTE IOXT ETCS1;05410;IG.SF 65;05199;INFRALOG SY NON GERE;N;PIECE;68
79545841;V;MICROCODEUR MCOD1 ETCS1;05410;IG.SF 65;05199;INFRALOG SY NON GERE;N;PIECE;68
79545842;V;MODULE D'ALIMENTATION MIPS8;05410;IG.SF 65;05199;INFRALOG SY NON GERE;N;PIECE;68
79545844;V;MODULE D'ALIMENTATION MIPSDC;05410;IG.SF 65;05199;INFRALOG SY NON GERE;N;PIECE;68
79545845;V;CARTE PCXT ETCS1;05410;IG.SF 65;05199;INFRALOG SY NON GERE;N;PIECE;68
79545846;V;CARTE ALIMENTATION PSA;05410;IG.SF 65;05199;INFRALOG SY NON GERE;N;PIECE;68
79545847;V;CARTE D'ALIMENTATION PST230;05410;IG.SF 65;05199;INFRALOG SY NON GERE;N;PIECE;68
79545848;V;CARTE ALIMENTATION PST24;05410;IG.SF 65;05199;INFRALOG SY NON GERE;N;PIECE;68
79545849;V;CARTE STDXT ETCS1;05410;IG.SF 65;05199;INFRALOG SY NON GERE;N;PIECE;68
79545850;V;CARTE TSI ETCS1;05410;IG.SF 65;05202;INFRALOG SE4;N;PIECE;68
79545851;V;COFFRET C50 ETCS1;05410;IG.SF 65;05199;INFRALOG SY NON GERE;N;PIECE;68
79545852;V;RACK C100 ETCS1;05410;IG.SF 65;05199;INFRALOG SY NON GERE;N;PIECE;68
79545854;V;MICROCODEUR MCOD2 ETCS1;05410;IG.SF 65;05199;INFRALOG SY NON GERE;N;PIECE;68
79545855;V;CARTE ALIMENTATION PS8;05410;IG.SF 65;05199;INFRALOG SY NON GERE;N;PIECE;68
79545856;V;ARMOIRE C100 ETCS1;05410;IG.SF 65;05199;INFRALOG SY NON GERE;N;PIECE;68
79545857;V;ADAPT BALISE ETCS1;05410;IG.SF 65;05199;INFRALOG SY NON GERE;N;PIECE;68
79545858;V;ADAPT AUTOTEST ETCS1;05410;IG.SF 65;05199;INFRALOG SY NON GERE;N;PIECE;68
79545860;V;ADAPT 220V ETCS1;05410;IG.SF 65;05199;INFRALOG SY NON GERE;N;PIECE;68
79545861;V;ADAPT ETHERNET ETCS1;05410;IG.SF 65;05199;INFRALOG SY NON GERE;N;PIECE;68
79545862;V;ADAPT BALISE MCOD ETCS1;05410;IG.SF 65;05199;INFRALOG SY NON GERE;N;PIECE;68
79545863;V;ADAPT BALISE EBM  ETCS1;05410;IG.SF 65;05199;INFRALOG SY NON GERE;N;PIECE;68
79545864;V;BOITIER CKA BEPT;05410;IG.SF 65;05199;INFRALOG SY NON GERE;N;PIECE;68
79545865;V;TETE CABLOT PST230 ETCS1;05410;IG.SF 65;05199;INFRALOG SY NON GERE;N;PIECE;68
79545866;V;TETE CABLOT PST24 ETCS1;05410;IG.SF 65;05199;INFRALOG SY NON GERE;N;PIECE;68
79545867;V;TETE DE CABLOT EBM ETCS1;05410;IG.SF 65;05199;INFRALOG SY NON GERE;N;PIECE;68
79545869;V;CLE DESAPPAIRAGE ETCS1;05410;IG.SF 65;05199;INFRALOG SY NON GERE;N;PIECE;68
79545871;V;BOITIER UIS TYPE TTNC;05410;IG.SF 65;05202;INFRALOG SE4;N;PIECE;68
79545885;V;ADAPT EBXT ETCS1;05410;IG.SF 65;05199;INFRALOG SY NON GERE;N;PIECE;68
79545886;V;ADAPT ETH TERMINAL;05410;IG.SF 65;05199;INFRALOG SY NON GERE;N;PIECE;68
79545887;V;ADAPT INTERFACE C;05410;IG.SF 65;05199;INFRALOG SY NON GERE;N;PIECE;68
79545888;V;PLAQUE D OCCULTATION DE BALISE;05410;IG.SF 65;05192;INFRALOG SE1;N;PIECE;68
79545889;V;KIT IP C50 ETCS1;05410;IG.SF 65;05199;INFRALOG SY NON GERE;N;PIECE;68
79545891;V;SUPPORT DE BALISE ETCS1;05410;IG.SF 65;05199;INFRALOG SY NON GERE;N;PIECE;68
79545900;V;TETE CABLOT IM111 ETCS1;05410;IG.SF 65;05199;INFRALOG SY NON GERE;N;PIECE;68
79545901;V;CARTE CK12C SLOT 11;05410;IG.SF 65;05199;INFRALOG SY NON GERE;N;PIECE;68
79545902;V;CARTE CKI2C SLOT 12;05410;IG.SF 65;05199;INFRALOG SY NON GERE;N;PIECE;68
79545903;V;CARTE CKI2C SLOT 13;05410;IG.SF 65;05199;INFRALOG SY NON GERE;N;PIECE;68
79545904;V;CARTE CKI2C SLOT 14;05410;IG.SF 65;05199;INFRALOG SY NON GERE;N;PIECE;68
79545906;V;BOITIER USAB TYPE TT-TLN;05410;IG.SF 65;05192;INFRALOG SE1;N;PIECE;68
79545907;V;BOITIER UIS TYPE TT-TLN;05410;IG.SF 65;05192;INFRALOG SE1;N;PIECE;68
79545911;V;CARTE IM111 ETCS1;05410;IG.SF 65;05199;INFRALOG SY NON GERE;N;PIECE;68
79545913;V;MODULE ALIS TYPE 1 IP31 ETCS1;05410;IG.SF 65;05199;INFRALOG SY NON GERE;N;PIECE;68
79545914;V;MICROCODEUR MCOD1 IP31 ETCS1;05410;IG.SF 65;05199;INFRALOG SY NON GERE;N;PIECE;68
79545915;V;MICROCODEUR MCOD2 IP31 ETCS1;05410;IG.SF 65;05199;INFRALOG SY NON GERE;N;PIECE;68
79545916;V;MODULE D'ALIMENTATION MIPS8_24;05410;IG.SF 65;05199;INFRALOG SY NON GERE;N;PIECE;68
79545917;V;OUTIL DESAPPAIRAGE IM111 ETCS1;05410;IG.SF 65;05199;INFRALOG SY NON GERE;N;PIECE;68
79545921;V;USIT CORE;05410;IG.SF 65;05199;INFRALOG SY NON GERE;N;PIECE;68
79545922;V;USIT TERMINAL;05410;IG.SF 65;05199;INFRALOG SY NON GERE;N;PIECE;68
79545923;V;ADAPTATEUR USB TERMINAL;05410;IG.SF 65;05199;INFRALOG SY NON GERE;N;PIECE;68
79545924;V;ADAPTATEUR ETHERNET LEU;05410;IG.SF 65;05199;INFRALOG SY NON GERE;N;PIECE;68
79545925;V;KIT USIT LEU ET EUROBALISE;05410;IG.SF 65;05199;INFRALOG SY NON GERE;N;PIECE;68
79545928;V;STATION ACCUEIL USIT;05410;IG.SF 65;05199;INFRALOG SY NON GERE;N;PIECE;68
79545942;V;BOITIER USAB TYPE T4CM;05410;IG.SF 65;05199;INFRALOG SY NON GERE;N;PIECE;68
79545949;V;BOUCLE DIFF 6M TYPE T4CM;05410;IG.SF 65;05199;INFRALOG SY NON GERE;N;PIECE;68
79545953;V;BOITIER USAB RESINE POUR T4CM;05410;IG.SF 65;05202;INFRALOG SE4;N;PIECE;68
79545956;V;BOITIER BASCULEUR MISE EN Y;05410;IG.SF 65;05199;INFRALOG SY NON GERE;N;PIECE;68
79545957;V;BOITIER COMMANDE MISE EN Y;05410;IG.SF 65;05199;INFRALOG SY NON GERE;N;PIECE;68
79545964;V;BOITIER TEST MISE EN Y;05410;IG.SF 65;05199;INFRALOG SY NON GERE;N;PIECE;68
79545965;V;VALISE TRANSPORT MISE EN Y;05410;IG.SF 65;05199;INFRALOG SY NON GERE;N;PIECE;68
79545966;V;SOCLE TECHNIQUE;05410;IG.SF 65;05199;INFRALOG SY NON GERE;N;PIECE;68
79545978;V;PLATEAU SUPPORT BOUCLE 3M;05410;IG.SF 65;05199;INFRALOG SY NON GERE;N;PIECE;68
79545982;V;ANTENNE DIFFERENTIELLE 3M;05410;IG.SF 65;05199;INFRALOG SY NON GERE;N;PIECE;68
79545983;V;KIT FIXATION 3M BOIS;05410;IG.SF 65;05199;INFRALOG SY NON GERE;N;PIECE;68
79545984;V;KIT FIXATION 3M MONOBLOC;05410;IG.SF 65;05199;INFRALOG SY NON GERE;N;PIECE;68
79545985;V;KIT FIXATION 3M BI-BLOC;05410;IG.SF 65;05199;INFRALOG SY NON GERE;N;PIECE;68
79545986;V;KIT FIXATION 6M BOIS;05410;IG.SF 65;05199;INFRALOG SY NON GERE;N;PIECE;68
79545987;V;KIT FIXATION 6M MONOBLOC;05410;IG.SF 65;05199;INFRALOG SY NON GERE;N;PIECE;68
79545988;V;KIT FIXATION 6M BI-BLOC;05410;IG.SF 65;05199;INFRALOG SY NON GERE;N;PIECE;68
79545991;V;CABLE 10CM POUR MEY;05410;IG.SF 65;05199;INFRALOG SY NON GERE;N;SACHET;68
79545992;V;CABLE 30CM POUR MEY;05410;IG.SF 65;05199;INFRALOG SY NON GERE;N;SACHET;68
79545993;V;CABLE 15M POUR MEY;05410;IG.SF 65;05199;INFRALOG SY NON GERE;N;SACHET;68
79548555;V;CARTE ALIMENTATION PS8;05410;IG.SF 65;05199;INFRALOG SY NON GERE;N;PIECE;68
79560551;V;UT MEI G1 ESCLAVE;05410;IG.SF 65;05199;INFRALOG SY NON GERE;N;PIECE;68
79560555;V;RACK E/S SYMEL;05410;IG.SF 65;05199;INFRALOG SY NON GERE;N;PIECE;68
79560556;V;ALIM. RACK E/S SYMEL;05410;IG.SF 65;05199;INFRALOG SY NON GERE;N;PIECE;68
79560557;V;CARTE ENTREES SYMEL;05410;IG.SF 65;05199;INFRALOG SY NON GERE;N;PIECE;68
79560558;V;CARTE SORTIES SYMEL;05410;IG.SF 65;05199;INFRALOG SY NON GERE;N;PIECE;68
79560560;V;CARTE TBES SYMEL;05410;IG.SF 65;05199;INFRALOG SY NON GERE;N;PIECE;68
79560691;V;BLOC PAI.NO-ALIM 230/24 CC;05410;IG.SF 65;05199;INFRALOG SY NON GERE;N;PIECE;68
79560705;V;MODULE PAI.N1-ME/MD;05410;IG.SF 65;05199;INFRALOG SY NON GERE;N;PIECE;68
79560714;V;CARTE PAI.N2-INTERFACE.MCS;05410;IG.SF 65;05199;INFRALOG SY NON GERE;N;PIECE;68
79560715;V;CARTE PAI.N2-INTERFACE.MCA;05410;IG.SF 65;05199;INFRALOG SY NON GERE;N;PIECE;68
79560716;V;CARTE PAI.N2-INTERFACE.MCES;05410;IG.SF 65;05199;INFRALOG SY NON GERE;N;PIECE;68
79560738;V;CARTE PAI.N2-CONFIG.COMM;05410;IG.SF 65;05199;INFRALOG SY NON GERE;N;PIECE;68
79560763;V;CARTE COMPTAGE ESSIEUX PIPC;05410;IG.SF 65;05199;INFRALOG SY NON GERE;N;PIECE;68
79560764;V;CARTE ENTREE 32 VOIES PIPC;05410;IG.SF 65;05199;INFRALOG SY NON GERE;N;PIECE;68
79560765;V;CARTE CHIEN DE GARDE PIPC;05410;IG.SF 65;05199;INFRALOG SY NON GERE;N;PIECE;68
79560766;V;BOITIER BCL PIPC;05410;IG.SF 65;05199;INFRALOG SY NON GERE;N;PIECE;68
79560796;V;RACK CAPTEURS;05410;IG.SF 65;05199;INFRALOG SY NON GERE;N;PIECE;68
79560797;V;CARTE INTERFACE RACK CAPTEURS;05410;IG.SF 65;05199;INFRALOG SY NON GERE;N;PIECE;68
79560798;V;CARTE UC CAPTEURS;05410;IG.SF 65;05199;INFRALOG SY NON GERE;N;PIECE;68
79560799;V;CARTE 4PM S.KAG S.KPD CAPTEURS;05410;IG.SF 65;05199;INFRALOG SY NON GERE;N;PIECE;68
79560800;V;CARTE 4 ST SV CAPTEURS;05410;IG.SF 65;05199;INFRALOG SY NON GERE;N;PIECE;68
79560801;V;MODULE 1 PM S.CAG CAPTEURS;05410;IG.SF 65;05199;INFRALOG SY NON GERE;N;PIECE;68
79560852;V;PC BUREAUTIQUE SAAT;05410;IG.SF 65;05199;INFRALOG SY NON GERE;N;PIECE;68
79560853;V;PC INDUSTRIEL SAAT;05410;IG.SF 65;05199;INFRALOG SY NON GERE;N;PIECE;68
79560854;V;AUTOMATE 64E;05410;IG.SF 65;05199;INFRALOG SY NON GERE;N;PIECE;68
79560855;V;AUTOMATE 160E;05410;IG.SF 65;05199;INFRALOG SY NON GERE;N;PIECE;68
79560856;V;COMMUTATEUR OPTIQUE 4F;05410;IG.SF 65;05199;INFRALOG SY NON GERE;N;PIECE;68
79560858;V;COMMUTATEUR OPTIQUE 16F;05410;IG.SF 65;05199;INFRALOG SY NON GERE;N;PIECE;68
79560859;V;COMMUTATEUR OPTIQUE 24F;05410;IG.SF 65;05199;INFRALOG SY NON GERE;N;PIECE;68
79560860;V;IMPRIMANTE LASER;05410;IG.SF 65;05199;INFRALOG SY NON GERE;N;PIECE;68
79560861;V;BOITIER DE DEPORT;05410;IG.SF 65;05199;INFRALOG SY NON GERE;N;PIECE;68
79560958;V;POINT DE MESURE POUR CDV A ITE;05410;IG.SF 65;05199;INFRALOG SY NON GERE;N;PIECE;68
79560959;V;CARTE 48 S TYPE PRG;05410;IG.SF 65;05199;INFRALOG SY NON GERE;N;PIECE;68
79560963;V;CCS2 (CARTE CALCUL. STANDAR 2);05410;IG.SF 65;05199;INFRALOG SY NON GERE;N;PIECE;68
79560964;V;BOUCHON BCHST;05410;IG.SF 65;05199;INFRALOG SY NON GERE;N;PIECE;68
79560970;V;BOITIER GUERITE CAPTEURS;05410;IG.SF 65;05199;INFRALOG SY NON GERE;N;PIECE;68
79560971;V;TCI-PM CDV ITE-02TCI401;05410;IG.SF 65;05199;INFRALOG SY NON GERE;N;PIECE;68
79560973;V;TCI - TRAITEMENT CENTRAL;05410;IG.SF 65;05199;INFRALOG SY NON GERE;N;PIECE;68
79560974;V;TCI - CONVERT-24V-02TCI120;05410;IG.SF 65;05199;INFRALOG SY NON GERE;N;PIECE;68
79560976;V;TCI - POINT DE MESURE ITE;05410;IG.SF 65;05199;INFRALOG SY NON GERE;N;PIECE;68
79560977;V;UMS - POINT DE MEUSURE UM 71;05410;IG.SF 65;05199;INFRALOG SY NON GERE;N;PIECE;68
79560978;V;TCI-PM UM - 02UMSXXX;05410;IG.SF 65;05199;INFRALOG SY NON GERE;N;PIECE;68
79560981;V;PAI-SODLM;05410;IG.SF 65;05194;INFRALOG SE2;N;PIECE;68
79560982;V;CAPI 95;05410;IG.SF 65;05199;INFRALOG SY NON GERE;N;PIECE;68
79560985;V;BOITIER GIV;05410;IG.SF 65;05199;INFRALOG SY NON GERE;N;PIECE;68
79560986;V;SDES PCL BOX;05410;IG.SF 65;05199;INFRALOG SY NON GERE;N;PIECE;68
79560987;V;SDES BE1200;05410;IG.SF 65;05199;INFRALOG SY NON GERE;N;PIECE;68
79560988;V;SDES BE 4800;05410;IG.SF 65;05199;INFRALOG SY NON GERE;N;PIECE;68
79560989;V;SDES BEMO-S 1200;05410;IG.SF 65;05199;INFRALOG SY NON GERE;N;PIECE;68
79560990;V;SDES BEMO-S 4800;05410;IG.SF 65;05199;INFRALOG SY NON GERE;N;PIECE;68
79560991;V;SDES MO-S 1200;05410;IG.SF 65;05199;INFRALOG SY NON GERE;N;PIECE;68
79560992;V;SDES MO-S 4800;05410;IG.SF 65;05199;INFRALOG SY NON GERE;N;PIECE;68
79560994;V;SDES RACK 6U POUR PCL BOX;05410;IG.SF 65;05199;INFRALOG SY NON GERE;N;PIECE;68
79560995;V;SDES COFFRET TABLE;05410;IG.SF 65;05199;INFRALOG SY NON GERE;N;PIECE;68
79561011;V;ARMOIRE MCCS A;05410;IG.SF 65;05199;INFRALOG SY NON GERE;N;PIECE;68
79561012;V;ARMOIRE MCCS B;05410;IG.SF 65;05199;INFRALOG SY NON GERE;N;PIECE;68
79561013;V;N0-PIVOS;05410;IG.SF 65;05199;INFRALOG SY NON GERE;N;PIECE;68
79561014;V;IM SLOK 2006;05410;IG.SF 65;05199;INFRALOG SY NON GERE;N;PIECE;68
79561015;V;CARTE OM 8 SORTIES POUR 1 AIO;05410;IG.SF 65;05199;INFRALOG SY NON GERE;N;PIECE;68
79561016;V;PSCOM SLOCK 2006;05410;IG.SF 65;05199;INFRALOG SY NON GERE;N;PIECE;68
79561017;V;EAU SLOK 2006;05410;IG.SF 65;05199;INFRALOG SY NON GERE;N;PIECE;68
79561018;V;IO PSU SLOK 2006;05410;IG.SF 65;05199;INFRALOG SY NON GERE;N;PIECE;68
79561019;V;MPU-HSCU-REDMAN SLOK 2006;05410;IG.SF 65;05199;INFRALOG SY NON GERE;N;PIECE;68
79561020;V;CPU PSU SLOK 2006;05410;IG.SF 65;05199;INFRALOG SY NON GERE;N;PIECE;68
79561021;V;PV SLOK 2006;05410;IG.SF 65;05199;INFRALOG SY NON GERE;N;PIECE;68
79561022;V;MAIN PSU SLOK 2006;05410;IG.SF 65;05199;INFRALOG SY NON GERE;N;PIECE;68
79561023;V;MODULE INTERFACE SN-R4-TSC-8E;05410;IG.SF 65;05199;INFRALOG SY NON GERE;N;PIECE;68
79561025;V;CARTE SN-R4IP-CPU;05410;IG.SF 65;05199;INFRALOG SY NON GERE;N;PIECE;68
79561026;V;CARTE SN-R4-4R232;05410;IG.SF 65;05199;INFRALOG SY NON GERE;N;PIECE;68
79561027;V;CARTE SN-R4-CARIB;05410;IG.SF 65;05199;INFRALOG SY NON GERE;N;PIECE;68
79561031;V;CARTE ISOLATIONJ 2V24;05410;IG.SF 65;05199;INFRALOG SY NON GERE;N;PIECE;68
79561032;V;CARTE COMMUTATION;05410;IG.SF 65;05199;INFRALOG SY NON GERE;N;PIECE;68
79561033;V;CARTE 24 LS;05410;IG.SF 65;05199;INFRALOG SY NON GERE;N;PIECE;68
79561034;V;SWITCH 8 PORTS;05410;IG.SF 65;05199;INFRALOG SY NON GERE;N;PIECE;68
79561035;V;UNITE CENTRALE UCC 32L;05410;IG.SF 65;05199;INFRALOG SY NON GERE;N;PIECE;68
79561036;V;CARTE PILOTAGE E/S;05410;IG.SF 65;05199;INFRALOG SY NON GERE;N;PIECE;68
79561037;V;CARTE 48 ENTREES;05410;IG.SF 65;05199;INFRALOG SY NON GERE;N;PIECE;68
79561038;V;CARTE 48 SORTIES;05410;IG.SF 65;05199;INFRALOG SY NON GERE;N;PIECE;68
79561039;V;MODULE ALIM 24V/24V;05410;IG.SF 65;05199;INFRALOG SY NON GERE;N;PIECE;68
79561040;V;PC TT;05410;IG.SF 65;05199;INFRALOG SY NON GERE;N;PIECE;68
79561041;V;PC MAINTENANCE;05410;IG.SF 65;05199;INFRALOG SY NON GERE;N;PIECE;68
79561044;V;CC13: ALIM.24V;05410;IG.SF 65;05199;INFRALOG SY NON GERE;N;PIECE;68
79561045;V;CC13: ANTENNE FI;05410;IG.SF 65;05199;INFRALOG SY NON GERE;N;PIECE;68
79561046;V;CC13: AUTOMATE CC;05410;IG.SF 65;05199;INFRALOG SY NON GERE;N;PIECE;68
79561047;V;CC13: AUTOMATE GC;05410;IG.SF 65;05199;INFRALOG SY NON GERE;N;PIECE;68
79561048;V;CC13: AUTOMATE SAAT GC;05410;IG.SF 65;05199;INFRALOG SY NON GERE;N;PIECE;68
79561049;V;CC13: AUTOMATE SAAT PC;05410;IG.SF 65;05199;INFRALOG SY NON GERE;N;PIECE;68
79561050;V;CC13: BAIE 18U NON CEM;05410;IG.SF 65;05199;INFRALOG SY NON GERE;N;PIECE;68
79561051;V;CC13: BAIE 27U NON CEM;05410;IG.SF 65;05199;INFRALOG SY NON GERE;N;PIECE;68
79561052;V;CC13: BAIE 42U CEM;05410;IG.SF 65;05199;INFRALOG SY NON GERE;N;PIECE;68
79561053;V;CC13: BAIE 42U NON CEM;05410;IG.SF 65;05199;INFRALOG SY NON GERE;N;PIECE;68
79561054;V;CC13: BOITIER TC PO;05410;IG.SF 65;05199;INFRALOG SY NON GERE;N;PIECE;68
79561055;V;CC13: BOITIER TC SAAT;05410;IG.SF 65;05199;INFRALOG SY NON GERE;N;PIECE;68
79561056;V;CC13: BUS POUR X-Y;05410;IG.SF 65;05199;INFRALOG SY NON GERE;N;PIECE;68
79561057;V;CC13: CARTE X;05410;IG.SF 65;05199;INFRALOG SY NON GERE;N;PIECE;68
79561058;V;CC13: CARTE Y;05410;IG.SF 65;05199;INFRALOG SY NON GERE;N;PIECE;68
79561059;V;CC13: CARTE Y MONO PO;05410;IG.SF 65;05199;INFRALOG SY NON GERE;N;PIECE;68
79561060;V;CC13: CLIENT SMDI;05410;IG.SF 65;05199;INFRALOG SY NON GERE;N;PIECE;68
79561061;V;CC13: COFFRET PO 12 U;05410;IG.SF 65;05199;INFRALOG SY NON GERE;N;PIECE;68
79561062;V;CC13: COMFORJ 8RJ+8FO;05410;IG.SF 65;05199;INFRALOG SY NON GERE;N;PIECE;68
79561063;V;CC13: COMFORJ 8RJ + 16FO;05410;IG.SF 65;05199;INFRALOG SY NON GERE;N;PIECE;68
79561064;V;CC13: COMMUT. 4 ECRANS;05410;IG.SF 65;05199;INFRALOG SY NON GERE;N;PIECE;68
79561065;V;CC13: COMMUT. 8 ECRANS;05410;IG.SF 65;05199;INFRALOG SY NON GERE;N;PIECE;68
79561066;V;CC13: COMMUT. 10 ECRANS;05410;IG.SF 65;05199;INFRALOG SY NON GERE;N;PIECE;68
79561067;V;CC13: COMRJ 8 PORTS;05410;IG.SF 65;05199;INFRALOG SY NON GERE;N;PIECE;68
79561068;V;CC13: COMRJ 16 PORTS;05410;IG.SF 65;05199;INFRALOG SY NON GERE;N;PIECE;68
79561069;V;CC13: DEP. VIDEO 2 VOIES;05410;IG.SF 65;05199;INFRALOG SY NON GERE;N;PIECE;68
79561070;V;CC13: DEP. VIDEO 4 VOIES;05410;IG.SF 65;05199;INFRALOG SY NON GERE;N;PIECE;68
79561071;V;CC13: ECRAN 16/10 PF;05410;IG.SF 65;05199;INFRALOG SY NON GERE;N;PIECE;68
79561072;V;CC13: ECRAN 16/10 PO;05410;IG.SF 65;05199;INFRALOG SY NON GERE;N;PIECE;68
79561073;V;CC13: GATEWAY MGPT;05410;IG.SF 65;05199;INFRALOG SY NON GERE;N;PIECE;68
79561074;V;CC13: DVD EXTERNE;05410;IG.SF 65;05199;INFRALOG SY NON GERE;N;PIECE;68
79561075;V;CC13: HORLOGE FI;05410;IG.SF 65;05199;INFRALOG SY NON GERE;N;PIECE;68
79561076;V;CC13: IMP. BUREAUTIQUE;05410;IG.SF 65;05199;INFRALOG SY NON GERE;N;PIECE;68
79561077;V;CC13: IMP. MGPT/ESSIEUX;05410;IG.SF 65;05199;INFRALOG SY NON GERE;N;PIECE;68
79561078;V;CC13: LKM POUR BAIE;05410;IG.SF 65;05199;INFRALOG SY NON GERE;N;PIECE;68
79561079;V;CC13: MINI MISTRAL;05410;IG.SF 65;05199;INFRALOG SY NON GERE;N;PIECE;68
79561080;V;CC13: ONDULEUR 1500VA;05410;IG.SF 65;05199;INFRALOG SY NON GERE;N;PIECE;68
79561081;V;CC13: PIED TECH. DOUBLE;05410;IG.SF 65;05199;INFRALOG SY NON GERE;N;PIECE;68
79561082;V;CC13: PIED TECH. SIMPLE;05410;IG.SF 65;05199;INFRALOG SY NON GERE;N;PIECE;68
79561083;V;CC13: PLAT. 8LS ISO;05410;IG.SF 65;05199;INFRALOG SY NON GERE;N;PIECE;68
79561084;V;CC13: PLAT. 8LS NON ISO;05410;IG.SF 65;05199;INFRALOG SY NON GERE;N;PIECE;68
79561085;V;CC13: PLAT. 16LS ISO;05410;IG.SF 65;05199;INFRALOG SY NON GERE;N;PIECE;68
79561086;V;CC13: PLAT. 16 LS NON ISO;05410;IG.SF 65;05199;INFRALOG SY NON GERE;N;PIECE;68
79561087;V;CC13: PLAT. 32LS OSO;05410;IG.SF 65;05199;INFRALOG SY NON GERE;N;PIECE;68
79561088;V;CC13:PLAT. 32SL NON ISO;05410;IG.SF 65;05199;INFRALOG SY NON GERE;N;PIECE;68
79561089;V;CC13: PLAT. 40 LS ISO;05410;IG.SF 65;05199;INFRALOG SY NON GERE;N;PIECE;68
79561090;V;CC13: PO 4 ECRANS;05410;IG.SF 65;05199;INFRALOG SY NON GERE;N;PIECE;68
79561091;V;CC13: PO 4 ECRANS PF;05410;IG.SF 65;05199;INFRALOG SY NON GERE;N;PIECE;68
79561092;V;CC13: PO 8 ECRANS;05410;IG.SF 65;05199;INFRALOG SY NON GERE;N;PIECE;68
79561093;V;CC13: PO 8 ECRANS PF;05410;IG.SF 65;05199;INFRALOG SY NON GERE;N;PIECE;68
79561094;V;CC13: PO 10 ECRANS;05410;IG.SF 65;05199;INFRALOG SY NON GERE;N;PIECE;68
79561095;V;CC13: PO 10 ECRANS PF;05410;IG.SF 65;05199;INFRALOG SY NON GERE;N;PIECE;68
79561096;V;CC13: PO DEPORTE;05410;IG.SF 65;05199;INFRALOG SY NON GERE;N;PIECE;68
79561097;V;CC13: PO DESARCHIVAGE;05410;IG.SF 65;05199;INFRALOG SY NON GERE;N;PIECE;68
79561098;V;CC13: PO FICHIER TD;05410;IG.SF 65;05199;INFRALOG SY NON GERE;N;PIECE;68
79561099;V;CC13: PORT. MAINT.;05410;IG.SF 65;05199;INFRALOG SY NON GERE;N;PIECE;68
79561100;V;CC13: REDOND. ALIM 24V;05410;IG.SF 65;05199;INFRALOG SY NON GERE;N;PIECE;68
79561101;V;CC13: SERV. AUTO PF;05410;IG.SF 65;05199;INFRALOG SY NON GERE;N;PIECE;68
79561102;V;CC13: SERV AUTO GC;05410;IG.SF 65;05199;INFRALOG SY NON GERE;N;PIECE;68
79561103;V;CC13: SERVEUR CC PF;05410;IG.SF 65;05199;INFRALOG SY NON GERE;N;PIECE;68
79561104;V;CC13: SERV CC GC;05410;IG.SF 65;05199;INFRALOG SY NON GERE;N;PIECE;68
79561105;V;CC13: SERV MAINTENANCE;05410;IG.SF 65;05199;INFRALOG SY NON GERE;N;PIECE;68
79561106;V;CC13: SERV ES PF;05410;IG.SF 65;05199;INFRALOG SY NON GERE;N;PIECE;68
79561107;V;CC13: SERV ES GC;05410;IG.SF 65;05199;INFRALOG SY NON GERE;N;PIECE;68
79561108;V;CC13: SERV EXT GC/CC;05410;IG.SF 65;05199;INFRALOG SY NON GERE;N;PIECE;68
79561109;V;CC13: SERV MGPT PF;05410;IG.SF 65;05199;INFRALOG SY NON GERE;N;PIECE;68
79561110;V;CC13: SERV MGPT GC-CC;05410;IG.SF 65;05199;INFRALOG SY NON GERE;N;PIECE;68
79561111;V;CC13: SERV MONOPO;05410;IG.SF 65;05199;INFRALOG SY NON GERE;N;PIECE;68
79561112;V;CC13: SERV PASSIP GC-CC;05410;IG.SF 65;05199;INFRALOG SY NON GERE;N;PIECE;68
79561113;V;CC13: SERV PROPAR;05410;IG.SF 65;05199;INFRALOG SY NON GERE;N;PIECE;68
79561114;V;CC13: SERV SAAT GC;05410;IG.SF 65;05199;INFRALOG SY NON GERE;N;PIECE;68
79561115;V;CC13: SERV SAAT PC;05410;IG.SF 65;05199;INFRALOG SY NON GERE;N;PIECE;68
79561116;V;CC13: SERV S PF;05410;IG.SF 65;05199;INFRALOG SY NON GERE;N;PIECE;68
79561117;V;CC13: SERV S COMP;05410;IG.SF 65;05199;INFRALOG SY NON GERE;N;PIECE;68
79561118;V;CC13: SERV SIMEV PF;05410;IG.SF 65;05199;INFRALOG SY NON GERE;N;PIECE;68
79561119;V;CC13: SERV SIMEV TOUR;05410;IG.SF 65;05199;INFRALOG SY NON GERE;N;PIECE;68
79561122;V;CC13 PIEDS SIMPLE SAAT;05410;IG.SF 65;05199;INFRALOG SY NON GERE;N;PIECE;68
79561123;V;CC13 PIED DOUBLE SAAT;05410;IG.SF 65;05199;INFRALOG SY NON GERE;N;PIECE;68
79561124;V;CC13 HORLOGE GPS;05410;IG.SF 65;05199;INFRALOG SY NON GERE;N;PIECE;68
79561125;V;CC13 ANTENNE GPS;05410;IG.SF 65;05199;INFRALOG SY NON GERE;N;PIECE;68
79561126;V;TERMINAL FIXE;05410;IG.SF 65;05199;INFRALOG SY NON GERE;N;PIECE;68
79561127;V;LECTEUR DE BADGE;05410;IG.SF 65;05199;INFRALOG SY NON GERE;N;PIECE;68
79561128;V;ALIM UC SML400T;05410;IG.SF 65;05199;INFRALOG SY NON GERE;N;PIECE;68
79561129;V;CARTES MPU+HSCU+REDMAN;05410;IG.SF 65;05199;INFRALOG SY NON GERE;N;PIECE;68
79561132;V;ALIM GROUPE E/S;05410;IG.SF 65;05199;INFRALOG SY NON GERE;N;PIECE;68
79561133;V;CARTE XAU;05410;IG.SF 65;05199;INFRALOG SY NON GERE;N;PIECE;68
79561134;V;CARTE EAU;05410;IG.SF 65;05199;INFRALOG SY NON GERE;N;PIECE;68
79561135;V;RACK DE VENTILATION;05410;IG.SF 65;05199;INFRALOG SY NON GERE;N;PIECE;68
79561136;V;ALIM PRINCIPALE;05410;IG.SF 65;05199;INFRALOG SY NON GERE;N;PIECE;68
79561137;V;ARMOIRE 6 SMGW;05410;IG.SF 65;05199;INFRALOG SY NON GERE;N;PIECE;68
79561138;V;MODULE SMART GATEWAY;05410;IG.SF 65;05199;INFRALOG SY NON GERE;N;PIECE;68
79561139;V;CARTE COM;05410;IG.SF 65;05199;INFRALOG SY NON GERE;N;PIECE;68
79561140;V;CARTE ALIM DC;05410;IG.SF 65;05199;INFRALOG SY NON GERE;N;PIECE;68
79561141;V;RACK SMART GATEWAY;05410;IG.SF 65;05199;INFRALOG SY NON GERE;N;PIECE;68
79561142;V;ALIM 6 SMART GATEWAY;05410;IG.SF 65;05199;INFRALOG SY NON GERE;N;PIECE;68
79561143;V;RACK ALIM 6 SMGW;05410;IG.SF 65;05199;INFRALOG SY NON GERE;N;PIECE;68
79561145;V;RACK SSI 4 ODLMS;05410;IG.SF 65;05199;INFRALOG SY NON GERE;N;PIECE;68
79561146;V;SWITCH SML400T;05410;IG.SF 65;05199;INFRALOG SY NON GERE;N;PIECE;68
79561147;V;AE 2003 PAI SML400T;05410;IG.SF 65;05199;INFRALOG SY NON GERE;N;PIECE;68
79561160;V;ENSEMBLE ADAPTATEUR TSV RENUM;05410;IG.SF 65;05199;INFRALOG SY NON GERE;N;PIECE;68
79561179;V;UNITE CENTRALE DESARCHIVAGE;05410;IG.SF 65;05202;INFRALOG SE4;N;PIECE;68
79561180;V;UC FICHIER TD;05410;IG.SF 65;05202;INFRALOG SE4;N;PIECE;68
79561181;V;UC SERV MAINTENANCE;05410;IG.SF 65;05202;INFRALOG SE4;N;PIECE;68
79561182;V;UC PO 4/5 ECRANS;05410;IG.SF 65;05202;INFRALOG SE4;N;PIECE;68
79561183;V;UC PO 9 ECRANS;05410;IG.SF 65;05202;INFRALOG SE4;N;PIECE;68
79561184;V;UC CLIENT SMDI 9 ECRANS;05410;IG.SF 65;05202;INFRALOG SE4;N;PIECE;68
79561185;V;UC PO BUR 4/5 ECRANS;05410;IG.SF 65;05202;INFRALOG SE4;N;PIECE;68
79561186;V;UC PO BUR 9 ECRANS;05410;IG.SF 65;05202;INFRALOG SE4;N;PIECE;68
79561187;V;UC PO DEPORTE;05410;IG.SF 65;05202;INFRALOG SE4;N;PIECE;68
79561188;V;UC SERVEUR BUR BANALISE;05410;IG.SF 65;05202;INFRALOG SE4;N;PIECE;68
79561189;V;UC SERVEUR IND BANALISE;05410;IG.SF 65;05202;INFRALOG SE4;N;PIECE;68
79561190;V;UC SERVEUR SNIM/MFA;05410;IG.SF 65;05202;INFRALOG SE4;N;PIECE;68
79561191;V;UC SERVEUR PASSIP GC;05410;IG.SF 65;05202;INFRALOG SE4;N;PIECE;68
79561192;V;UC SERVEUR PASSIP PC MC;05410;IG.SF 65;05202;INFRALOG SE4;N;PIECE;68
79561193;V;UC SERVEUR FICHIER TR;05410;IG.SF 65;05202;INFRALOG SE4;N;PIECE;68
79561194;V;UC SERVEUR MFTR;05410;IG.SF 65;05202;INFRALOG SE4;N;PIECE;68
79561195;V;UC SERVEUR SAAT PC;05410;IG.SF 65;05202;INFRALOG SE4;N;PIECE;68
79561196;V;UC SERVEUR SAAT GC;05410;IG.SF 65;05202;INFRALOG SE4;N;PIECE;68
79561197;V;UC SERVEUR MONO PO;05410;IG.SF 65;05202;INFRALOG SE4;N;PIECE;68
79561198;V;MC3-40 : CABLE MULTI-COAXIAL;05410;IG.SF 65;05202;INFRALOG SE4;N;PIECE;68
79561199;V;MC3-60 : CABLE MULTI-COAXIAL;05410;IG.SF 65;05202;INFRALOG SE4;N;PIECE;68
79561200;V;MC3-100 : CABLE MULTI-COAXIAL;05410;IG.SF 65;05202;INFRALOG SE4;N;PIECE;68
79561201;V;TCL-TCSA-5 : CABLE 5M;05410;IG.SF 65;05202;INFRALOG SE4;N;PIECE;68
79561202;V;COM-VCSA RACK COMMUT  4 S;05410;IG.SF 65;05202;INFRALOG SE4;N;PIECE;68
79561203;V;COM-VCSA RACK COMMUT  5 S;05410;IG.SF 65;05202;INFRALOG SE4;N;PIECE;68
79561204;V;MCV 2R/CSA DEP VIDEO 2 ECRAN;05410;IG.SF 65;05202;INFRALOG SE4;N;PIECE;68
79561205;V;MCV 4R/CSA DEP VIDEO 4 ECRAN;05410;IG.SF 65;05202;INFRALOG SE4;N;PIECE;68
79561206;V;MCV 5R/CSA DEP VIDEO 5 ECRAN;05410;IG.SF 65;05202;INFRALOG SE4;N;PIECE;68
79561207;V;DCS-BA BOITIER CLA/SOU/AUD;05410;IG.SF 65;05202;INFRALOG SE4;N;PIECE;68
79561208;V;RM1/C/2CS-4V2A;05410;IG.SF 65;05202;INFRALOG SE4;N;PIECE;68
79561209;V;RM1/C/2CS-5V2A;05410;IG.SF 65;05202;INFRALOG SE4;N;PIECE;68
79561210;V;TCL/BA BOITIER CDE LOC;05410;IG.SF 65;05202;INFRALOG SE4;N;PIECE;68
79561211;V;PTS/RVB-ER : PIED TECH SIMPLE;05410;IG.SF 65;05202;INFRALOG SE4;N;PIECE;68
79561212;V;PTD/RVB-ER : PIED TECH DOUBLE;05410;IG.SF 65;05202;INFRALOG SE4;N;PIECE;68
79561213;V;"SWITCH RESEAU ""FICHIER""";05410;IG.SF 65;05202;INFRALOG SE4;N;PIECE;68
79561214;V;SWITCH RESEAU PETITE CONF;05410;IG.SF 65;05202;INFRALOG SE4;N;PIECE;68
79561215;V;SWITCH RESEAU MOYENNE CONF;05410;IG.SF 65;05202;INFRALOG SE4;N;PIECE;68
79561216;V;SWITCH RESEAU GRANDE CONF;05410;IG.SF 65;05202;INFRALOG SE4;N;PIECE;68
79561217;V;ENSEMBLE CLAVIER SOURIS PS2;05410;IG.SF 65;05202;INFRALOG SE4;N;PIECE;68
79561218;V;CA5/EQ-40 CABLE MULTI PAIRES;05410;IG.SF 65;05202;INFRALOG SE4;N;PIECE;68
79561219;V;CA5/EQ-60 CABLE MULTI PAIRES;05410;IG.SF 65;05202;INFRALOG SE4;N;PIECE;68
79561220;V;CA5/EQ-100 CABLE MULTI PAIRES;05410;IG.SF 65;05202;INFRALOG SE4;N;PIECE;68
79561221;V;TCL-TUS CABLE LG 5 METRES;05410;IG.SF 65;05202;INFRALOG SE4;N;PIECE;68
79561222;V;RM1/2DVP-US DEPORT VIDEO 2 S;05410;IG.SF 65;05202;INFRALOG SE4;N;PIECE;68
79561223;V;RM1/4DVP-US DEPORT VIDEO 4 S;05410;IG.SF 65;05202;INFRALOG SE4;N;PIECE;68
79561224;V;RM1/5DVP-US DEPORT VIDEO 5 S;05410;IG.SF 65;05202;INFRALOG SE4;N;PIECE;68
79561225;V;RM2/COM5-U COMMUT VIDEO 4 S;05410;IG.SF 65;05202;INFRALOG SE4;N;PIECE;68
79561226;V;RM2/COM9-U COMMUT VIDEO 9 S;05410;IG.SF 65;05202;INFRALOG SE4;N;PIECE;68
79561227;V;RM1/C2-US/5V COMMUT LOCALE 5 S;05410;IG.SF 65;05202;INFRALOG SE4;N;PIECE;68
79561228;V;DCS-BUS;05410;IG.SF 65;05202;INFRALOG SE4;N;PIECE;68
79561229;V;TCL-BUS;05410;IG.SF 65;05202;INFRALOG SE4;N;PIECE;68
79561230;V;PTS/REP PIED TECH SIMPLE VGA;05410;IG.SF 65;05202;INFRALOG SE4;N;PIECE;68
79561231;V;PTD/2REP PIED TECH DOUBLE VGA;05410;IG.SF 65;05202;INFRALOG SE4;N;PIECE;68
79561232;V;SWITCH RESEAU FICHIER+ALIM 24V;05410;IG.SF 65;05202;INFRALOG SE4;N;PIECE;68
79561233;V;SWITCH RESEAU PETITE CONF+ALIM;05410;IG.SF 65;05202;INFRALOG SE4;N;PIECE;68
79561234;V;SWITCH RESEAU MOYEN CONF+ALIM;05410;IG.SF 65;05202;INFRALOG SE4;N;PIECE;68
79561235;V;SWITCH RESEAU GRANDE CONF+ALIM;05410;IG.SF 65;05202;INFRALOG SE4;N;PIECE;68
79561236;V;ENSEMBLE CLAVIER SOURIS USB;05410;IG.SF 65;05202;INFRALOG SE4;N;PIECE;68
79561237;V;MPB4S-40 CABLES MULTIPAIRES;05410;IG.SF 65;05202;INFRALOG SE4;N;PIECE;68
79561238;V;MPB4S-60 CABLES MULTIPAIRES;05410;IG.SF 65;05202;INFRALOG SE4;N;PIECE;68
79561239;V;MPB4S-100 CABLES MULTIPAIRES;05410;IG.SF 65;05202;INFRALOG SE4;N;PIECE;68
79561240;V;BOITIER X;05410;IG.SF 65;05202;INFRALOG SE4;N;PIECE;68
79561241;V;BOITIER Y;05410;IG.SF 65;05202;INFRALOG SE4;N;PIECE;68
79561242;V;FOND DE PANIER BOITIER X/Y;05410;IG.SF 65;05202;INFRALOG SE4;N;PIECE;68
79561243;V;RPS80 ALIM 24V SWITCH;05410;IG.SF 65;05202;INFRALOG SE4;N;PIECE;68
79561244;V;MM2-4FXM3 MODULE FIBRE OPTIQUE;05410;IG.SF 65;05202;INFRALOG SE4;N;PIECE;68
79561245;V;AUTOMATE SAAT PC 64 E;05410;IG.SF 65;05202;INFRALOG SE4;N;PIECE;68
79561246;V;AUTOMATE SAAT GC 160 E;05410;IG.SF 65;05202;INFRALOG SE4;N;PIECE;68
79561247;V;AUTOMATE MISTRAL PC 48E/24S;05410;IG.SF 65;05202;INFRALOG SE4;N;PIECE;68
79561248;V;AUTOMATE MISTRAL MC 96E/48S;05410;IG.SF 65;05202;INFRALOG SE4;N;PIECE;68
79561249;V;AUTOMATE MISTRAL GC 192E/96S;05410;IG.SF 65;05202;INFRALOG SE4;N;PIECE;68
79561250;V;ALIM INDUS 24V 240W;05410;IG.SF 65;05202;INFRALOG SE4;N;PIECE;68
79561251;V;ALIM INDUS 24V 360W;05410;IG.SF 65;05202;INFRALOG SE4;N;PIECE;68
79561252;V;KVM;05410;IG.SF 65;05202;INFRALOG SE4;N;PIECE;68
79561253;V;IMPRIMANTE LASER;05410;IG.SF 65;05202;INFRALOG SE4;N;PIECE;68
79561254;V;LECTEUR GRAVEUR DVD INTERNE;05410;IG.SF 65;05202;INFRALOG SE4;N;PIECE;68
79561255;V;ALIMENTATION INTERNE UC;05410;IG.SF 65;05202;INFRALOG SE4;N;PIECE;68
79561256;V;DISQUE DUR UC;05410;IG.SF 65;05202;INFRALOG SE4;N;PIECE;68
79561257;V;CARTE RESEAU FIBRE OPTIQUE;05410;IG.SF 65;05202;INFRALOG SE4;N;PIECE;68
79561258;V;CARTE RESEAU CUIVRE DUAL PORT;05410;IG.SF 65;05202;INFRALOG SE4;N;PIECE;68
79561261;V;SWITCH ATS;05410;IG.SF 65;05199;INFRALOG SY NON GERE;N;PIECE;68
79561262;V;KVM FUJITSU KVM1116Q;05410;IG.SF 65;05199;INFRALOG SY NON GERE;N;PIECE;68
79561263;V;SERVEUR DE STOCKAGE ATS+;05410;IG.SF 65;05199;INFRALOG SY NON GERE;N;PIECE;68
79561264;V;SERVEUR EVOLUE ATS+;05410;IG.SF 65;05199;INFRALOG SY NON GERE;N;PIECE;68
79561265;V;SERVEUR PERFORMANT ATS+;05410;IG.SF 65;05199;INFRALOG SY NON GERE;N;PIECE;68
79561266;V;SERVEUR ADONEM INDEXATION;05410;IG.SF 65;05199;INFRALOG SY NON GERE;N;PIECE;68
79561267;V;SERVEUR DE SIGNALISATION ATS+;05410;IG.SF 65;05199;INFRALOG SY NON GERE;N;PIECE;68
79561268;V;KVM ATS+;05410;IG.SF 65;05199;INFRALOG SY NON GERE;N;PIECE;68
79561270;V;CONVERTISSEUR SERIE/IP PERLE;05410;IG.SF 65;05199;INFRALOG SY NON GERE;N;PIECE;68
79561271;V;UNITE CENTRALE POUR PO/PM ATS+;05410;IG.SF 65;05199;INFRALOG SY NON GERE;N;PIECE;68
79561272;V;CLAVIER;05410;IG.SF 65;05199;INFRALOG SY NON GERE;N;PIECE;68
79561273;V;ECRAN PO/PM ATS+;05410;IG.SF 65;05199;INFRALOG SY NON GERE;N;PIECE;68
79561274;V;COMMUTATEUR PO ATS+;05410;IG.SF 65;05199;INFRALOG SY NON GERE;N;PIECE;68
79561276;V;ECRAN SIMEV ATS+;05410;IG.SF 65;05199;INFRALOG SY NON GERE;N;PIECE;68
79561277;V;UNITE CENTRALE POUR TCO ATS+;05410;IG.SF 65;05199;INFRALOG SY NON GERE;N;PIECE;68
79561341;V;BARRE DE SON PO/PM ATS+;05410;IG.SF 65;05199;INFRALOG SY NON GERE;N;PIECE;68
79561351;V;FRONTAL SERIE- 8 VOIES MNG;05410;IG.SF 65;05199;INFRALOG SY NON GERE;N;PIECE;68
79561352;V;FRONTAL SERIE - MISTRAL NG;05410;IG.SF 65;05199;INFRALOG SY NON GERE;N;PIECE;68
79561353;V;FRONTAL SERIE - MNG 24 VOIES;05410;IG.SF 65;05199;INFRALOG SY NON GERE;N;PIECE;68
79561354;V;FRONTAL SERIE - MISTRAL NG;05410;IG.SF 65;05199;INFRALOG SY NON GERE;N;PIECE;68
79561355;V;FRONTAL LSIP 16 LS- MISTRAL NG;05410;IG.SF 65;05199;INFRALOG SY NON GERE;N;PIECE;68
79561356;V;FRONTAL SERIE - MNG 32 VOIES;05410;IG.SF 65;05199;INFRALOG SY NON GERE;N;PIECE;68
79561357;V;FRONTAL SERIE - MNG 48 VOIES;05410;IG.SF 65;05199;INFRALOG SY NON GERE;N;PIECE;68
79561358;V;HORLOGE - MISTRAL NG;05410;IG.SF 65;05199;INFRALOG SY NON GERE;N;PIECE;68
79561359;V;PASSERELLE SMS NXS-9700-4G MNG;05410;IG.SF 65;05199;INFRALOG SY NON GERE;N;PIECE;68
79561360;V;STO- MISTRAL NG;05410;IG.SF 65;05199;INFRALOG SY NON GERE;N;PIECE;68
79561361;V;ESX MISTRAL NG;05410;IG.SF 65;05199;INFRALOG SY NON GERE;N;PIECE;68
79561362;V;SERVEUR FGPT MISTRAL NG;05410;IG.SF 65;05199;INFRALOG SY NON GERE;N;PIECE;68
79561363;V;SERVEUR COMPACTE - MISTRAL NG;05410;IG.SF 65;05199;INFRALOG SY NON GERE;N;PIECE;68
79561364;V;SERVEUR STR- MISTRAL NG;05410;IG.SF 65;05199;INFRALOG SY NON GERE;N;PIECE;68
79561365;V;KVM - MISTRAL NG;05410;IG.SF 65;05199;INFRALOG SY NON GERE;N;PIECE;68
79561367;V;UC PO 4 ECRANS- MNG;05410;IG.SF 65;05199;INFRALOG SY NON GERE;N;PIECE;68
79561368;V;UC PO 8 ECRANS- MNG;05410;IG.SF 65;05199;INFRALOG SY NON GERE;N;PIECE;68
79561369;V;UC PO 10 ECRANS- MNG;05410;IG.SF 65;05199;INFRALOG SY NON GERE;N;PIECE;68
79561370;V;UC PM - MISTRAL NG;05410;IG.SF 65;05199;INFRALOG SY NON GERE;N;PIECE;68
79561371;V;UC POD- MNG;05410;IG.SF 65;05199;INFRALOG SY NON GERE;N;PIECE;68
79561372;V;CLAVIER/SOURIS- MISTRAL NG;05410;IG.SF 65;05199;INFRALOG SY NON GERE;N;PIECE;68
79561373;V;ECRAN 24 POUCE MISTRAL NG;05410;IG.SF 65;05199;INFRALOG SY NON GERE;N;PIECE;68
79561374;V;ECRAN DELL- MISTRAL NG;05410;IG.SF 65;05199;INFRALOG SY NON GERE;N;PIECE;68
79561375;V;COMMUTATEUR PO 4 ECRAN MNG;05410;IG.SF 65;05199;INFRALOG SY NON GERE;N;PIECE;68
79561376;V;COMMUTATEUR PO- MISTRAL NG;05410;IG.SF 65;05199;INFRALOG SY NON GERE;N;PIECE;68
79561377;V;COMMUTATEUR PO 10 ECRANS MNG;05410;IG.SF 65;05199;INFRALOG SY NON GERE;N;PIECE;68
79561378;V;TELECOMMANDE  - MISTRAL NG;05410;IG.SF 65;05199;INFRALOG SY NON GERE;N;PIECE;68
79561379;V;ONDULEURS CONFIGURATIONS SAAT;05410;IG.SF 65;05199;INFRALOG SY NON GERE;N;PIECE;68
79561380;V;SERVEUR SAAT  - MISTRAL NG;05410;IG.SF 65;05199;INFRALOG SY NON GERE;N;PIECE;68
79561384;V;SERVEUR SIVAL- MISTRAL NG;05410;IG.SF 65;05199;INFRALOG SY NON GERE;N;PIECE;68
79561385;V;BOITIER SCOOP- MISTRAL NG;05410;IG.SF 65;05199;INFRALOG SY NON GERE;N;PIECE;68
79561387;V;TERMINAL FDIFF 4 ECRAN MNG;05410;IG.SF 65;05199;INFRALOG SY NON GERE;N;PIECE;68
79561388;V;TERMINAL FDIFF 8 ECRANS MNG;05410;IG.SF 65;05199;INFRALOG SY NON GERE;N;PIECE;68
79561389;V;TERMINAL FDIFF MISTRAL NG;05410;IG.SF 65;05199;INFRALOG SY NON GERE;N;PIECE;68
79561390;V;TERMINAL DURCI 2 ECRANS- MNG;05410;IG.SF 65;05199;INFRALOG SY NON GERE;N;PIECE;68
79561391;V;PIED ECRAN SIMPLE- MISTRAL NG;05410;IG.SF 65;05199;INFRALOG SY NON GERE;N;PIECE;68
79561392;V;PIED ECRAN- MISTRAL NG;05410;IG.SF 65;05199;INFRALOG SY NON GERE;N;PIECE;68
79561393;V;MODULE EMETTEUR- MISTRAL NG;05410;IG.SF 65;05199;INFRALOG SY NON GERE;N;PIECE;68
79561395;V;ANTENNE SMS;05410;IG.SF 65;05199;INFRALOG SY NON GERE;N;PIECE;68
79561396;V;ALIMENTATION PASSERELLE SMS;05410;IG.SF 65;05199;INFRALOG SY NON GERE;N;PIECE;68
79561397;V;SERVEUR MONO PO 4 ECRANS MNG;05410;IG.SF 65;05199;INFRALOG SY NON GERE;N;PIECE;68
79561398;V;SERVEUR MONO PO 8 ECRANS MNG;05410;IG.SF 65;05199;INFRALOG SY NON GERE;N;PIECE;68
79561399;V;SERVEUR MONO PO 10 ECRANS MNG;05410;IG.SF 65;05199;INFRALOG SY NON GERE;N;PIECE;68
79561400;V;IMPRIMANTE - MISTRAL NG;05410;IG.SF 65;05199;INFRALOG SY NON GERE;N;PIECE;68
79561401;V;COFFRET PO - MISTRAL NG;05410;IG.SF 65;05199;INFRALOG SY NON GERE;N;PIECE;68
79561402;V;COFFRET RESEAU - MISTRAL NG;05410;IG.SF 65;05199;INFRALOG SY NON GERE;N;PIECE;68
79561404;V;FRONTAL IP SN320- MNG;05410;IG.SF 65;05199;INFRALOG SY NON GERE;N;PIECE;68
79561405;V;BAIE 42U - MISTRAL NG;05410;IG.SF 65;05199;INFRALOG SY NON GERE;N;PIECE;68
79561406;V;BAIE 18 U;05410;IG.SF 65;05199;INFRALOG SY NON GERE;N;PIECE;68
79561407;V;BAIE 27U NON CEM- MNG;05410;IG.SF 65;05199;INFRALOG SY NON GERE;N;PIECE;68
79561411;V;ANTENNE GPS;05410;IG.SF 65;05199;INFRALOG SY NON GERE;N;PIECE;68
79561428;V;PANIER PROTECTION INCENDIE;05410;IG.SF 65;05199;INFRALOG SY NON GERE;N;PIECE;68
79561429;V;PANIER BARD CABLE (FOND);05410;IG.SF 65;05199;INFRALOG SY NON GERE;N;PIECE;68
79561430;V;PANIER DE VENTILATION BAIE;05410;IG.SF 65;05199;INFRALOG SY NON GERE;N;PIECE;68
79561431;V;PANIER DE VENTILATION 2OO2;05410;IG.SF 65;05199;INFRALOG SY NON GERE;N;PIECE;68
79561432;V;PANIER 2OO2+ FOND DE PANIER;05410;IG.SF 65;05199;INFRALOG SY NON GERE;N;PIECE;68
79561433;V;CPSU(CONVERTISSEUR DC/DC);05410;IG.SF 65;05199;INFRALOG SY NON GERE;N;PIECE;68
79561434;V;MODULE MIST5A-RAL9011;05410;IG.SF 65;05199;INFRALOG SY NON GERE;N;PIECE;68
79561435;V;MODULE MISTFI10A-RAL9011;05410;IG.SF 65;05199;INFRALOG SY NON GERE;N;PIECE;68
79561436;V;CARTE CPCI-3510L;05410;IG.SF 65;05199;INFRALOG SY NON GERE;N;PIECE;68
79561437;V;CARTE CPIC - RAL 9011;05410;IG.SF 65;05199;INFRALOG SY NON GERE;N;PIECE;68
79561438;V;CARTE CPWB;05410;IG.SF 65;05199;INFRALOG SY NON GERE;N;PIECE;68
79561439;V;CARTE CPPP;05410;IG.SF 65;05199;INFRALOG SY NON GERE;N;PIECE;68
79561440;V;CARTE DGNM;05410;IG.SF 65;05199;INFRALOG SY NON GERE;N;PIECE;68
79561441;V;CARTE CPWN;05410;IG.SF 65;05199;INFRALOG SY NON GERE;N;PIECE;68
79561442;V;PANS;05410;IG.SF 65;05198;INFRALOG CAT3;N;UNITE;68
79561443;V;ORDINATEUR PC (AS & CC);05410;IG.SF 65;05199;INFRALOG SY NON GERE;N;PIECE;68
79561444;V;CONSOLE DE COMMUNICATION;05410;IG.SF 65;05199;INFRALOG SY NON GERE;N;PIECE;68
79561445;V;SWITCH 1U MODULAR;05410;IG.SF 65;05199;INFRALOG SY NON GERE;N;PIECE;68
79561446;V;ALIMENTATION230AC/24DC;05410;IG.SF 65;05199;INFRALOG SY NON GERE;N;PIECE;68
79561447;V;PF9U - PANIER FDC 9U 84TE;05410;IG.SF 65;05199;INFRALOG SY NON GERE;N;PIECE;68
79561448;V;PA3U - PANIER D'ALIM 3U84TE;05410;IG.SF 65;05199;INFRALOG SY NON GERE;N;PIECE;68
79561449;V;VENTILATEURS SUR TOIT;05410;IG.SF 65;05199;INFRALOG SY NON GERE;N;PIECE;68
79561450;V;VENTILATEUR SUR PORTE;05410;IG.SF 65;05199;INFRALOG SY NON GERE;N;PIECE;68
79561451;V;PANIER VENTILATEUR 1U;05410;IG.SF 65;05199;INFRALOG SY NON GERE;N;PIECE;68
79561452;V;PANIER VENTILATEUR 2U;05410;IG.SF 65;05199;INFRALOG SY NON GERE;N;PIECE;68
79561453;V;MODULE DGNM (3U 12 TE);05410;IG.SF 65;05199;INFRALOG SY NON GERE;N;PIECE;68
79561454;V;MODULE GPCU - 6U 6TE FDC;05410;IG.SF 65;05199;INFRALOG SY NON GERE;N;PIECE;68
79561455;V;MODULE MIST 5 A (3U 6 TE);05410;IG.SF 65;05199;INFRALOG SY NON GERE;N;PIECE;68
79561456;V;MODULE MIST 10 A (3U 6 TE);05410;IG.SF 65;05199;INFRALOG SY NON GERE;N;PIECE;68
79561457;V;MODULE MIST 30 A (3U 6 TE);05410;IG.SF 65;05199;INFRALOG SY NON GERE;N;PIECE;68
79561458;V;MODULE GLAM -6U 12TE IPS;05410;IG.SF 65;05199;INFRALOG SY NON GERE;N;PIECE;68
79561459;V;MODULE GREO -6U 12TE IPTOR S;05410;IG.SF 65;05199;INFRALOG SY NON GERE;N;PIECE;68
79561460;V;MODULE GREI -6U 12TE IPTOR E;05410;IG.SF 65;05199;INFRALOG SY NON GERE;N;PIECE;68
79561461;V;MODULE GDEZ(9U) -MCA3-3U 28TE;05410;IG.SF 65;05199;INFRALOG SY NON GERE;N;PIECE;68
79561462;V;MODULE GDEZ(9U) -6U 12TE IPACA;05410;IG.SF 65;05199;INFRALOG SY NON GERE;N;PIECE;68
79561463;V;BAIE N2 FDC 3G CABLEE AVEC 3;05410;IG.SF 65;05199;INFRALOG SY NON GERE;N;PIECE;68
79561464;V;BAIE N2FDC3G CABLEE AVEC 2P SH;05410;IG.SF 65;05199;INFRALOG SY NON GERE;N;PIECE;68
79561465;V;BAIE N2FDC3G CABLEE AVEC 1P SH;05410;IG.SF 65;05199;INFRALOG SY NON GERE;N;PIECE;68
79561466;V;ARMOIRE EQUIPEE N1 POSTE ARGOS;05410;IG.SF 65;05199;INFRALOG SY NON GERE;N;PIECE;68
79561478;V;FILTRE SECTEUR - MISTRAL NG;05410;IG.SF 65;05199;INFRALOG SY NON GERE;N;PIECE;68
79561479;V;MODULE SFP- MISTRAL NG;05410;IG.SF 65;05199;INFRALOG SY NON GERE;N;PIECE;68
79561481;V;ARMOIRE N1 2 MEI;05410;IG.SF 65;05199;INFRALOG SY NON GERE;N;PIECE;68
79561485;V;ARMOIRE N1 4 MEI;05410;IG.SF 65;05199;INFRALOG SY NON GERE;N;PIECE;68
79561489;V;ARMOIRE B N1 4 MEI;05410;IG.SF 65;05199;INFRALOG SY NON GERE;N;PIECE;68
79561498;V;PANIER N1  MEI;05410;IG.SF 65;05199;INFRALOG SY NON GERE;N;PIECE;68
79561500;V;TIROIR DE VENTILATION N1  MEI;05410;IG.SF 65;05199;INFRALOG SY NON GERE;N;PIECE;68
79561503;V;CARTE CPU N1 MEI;05410;IG.SF 65;05199;INFRALOG SY NON GERE;N;PIECE;68
79561505;V;CARTE ALIMENTATION N1 MEI;05410;IG.SF 65;05199;INFRALOG SY NON GERE;N;PIECE;68
79561506;V;CARTE ETH - N1 MEI;05410;IG.SF 65;05199;INFRALOG SY NON GERE;N;PIECE;68
79561507;V;SERVEUR SAM - OAM;05410;IG.SF 65;05199;INFRALOG SY NON GERE;N;PIECE;68
79561508;V;SW ARMOIRE N1;05410;IG.SF 65;05199;INFRALOG SY NON GERE;N;PIECE;68
79561509;V;FW ARMOIRE N1;05410;IG.SF 65;05199;INFRALOG SY NON GERE;N;PIECE;68
79561512;V;CONV 24V ARMOIRE N1;05410;IG.SF 65;05199;INFRALOG SY NON GERE;N;PIECE;68
79561513;V;VENTILATEUR PORTE - ARMOIRE N1;05410;IG.SF 65;05199;INFRALOG SY NON GERE;N;PIECE;68
79561520;V;ARMOIRE CRM - OAM;05410;IG.SF 65;05199;INFRALOG SY NON GERE;N;PIECE;68
79561523;V;ROUTEUR - ARMOIRE CRM;05410;IG.SF 65;05199;INFRALOG SY NON GERE;N;PIECE;68
79561524;V;SERVEUR CRM;05410;IG.SF 65;05199;INFRALOG SY NON GERE;N;PIECE;68
79561530;V;ARMOIRE N2 INDOOR (16NR);05410;IG.SF 65;05199;INFRALOG SY NON GERE;N;PIECE;68
79561532;V;ARMOIRE N2 INDOOR (8R);05410;IG.SF 65;05199;INFRALOG SY NON GERE;N;PIECE;68
79561533;V;ARMOIRE N2 INDOOR (4R 8NR);05410;IG.SF 65;05199;INFRALOG SY NON GERE;N;PIECE;68
79561535;V;ARMOIRE N2 OUTDOOR 3P;05410;IG.SF 65;05199;INFRALOG SY NON GERE;N;PIECE;68
79561536;V;ARMOIRE N2 OUTDOOR 4P;05410;IG.SF 65;05199;INFRALOG SY NON GERE;N;PIECE;68
79561538;V;SUPPORT DCA - N2 DCA;05410;IG.SF 65;05199;INFRALOG SY NON GERE;N;PIECE;68
79561541;V;MODULE E/S - N2 DCA;05410;IG.SF 65;05199;INFRALOG SY NON GERE;N;PIECE;68
79561542;V;MODULE AIG - N2 DCA;05410;IG.SF 65;05199;INFRALOG SY NON GERE;N;PIECE;68
79561543;V;MODULE SIG - N2 DCA;05410;IG.SF 65;05199;INFRALOG SY NON GERE;N;PIECE;68
79561545;V;DONGLE PROG - N2 DCA;05410;IG.SF 65;05199;INFRALOG SY NON GERE;N;PIECE;68
79561548;V;ROUTEUR ARMOIRE N2;05410;IG.SF 65;05199;INFRALOG SY NON GERE;N;PIECE;68
79561550;V;VENTILATEUR- ARMOIRE N2 INDOOR;05410;IG.SF 65;05199;INFRALOG SY NON GERE;N;PIECE;68
79561551;V;VENTILATEUR-ARMOIRE N2 OUTDOOR;05410;IG.SF 65;05199;INFRALOG SY NON GERE;N;PIECE;68
79561553;V;PC PORTABLE - OAM;05410;IG.SF 65;05199;INFRALOG SY NON GERE;N;PIECE;68
79561564;V;ARMOIRE RBC ALSTOM;05410;IG.SF 65;05199;INFRALOG SY NON GERE;N;PIECE;68
79561565;V;SCU RBC ALSTOM;05410;IG.SF 65;05199;INFRALOG SY NON GERE;N;PIECE;68
79561566;V;MMI RBC ALSTOM;05410;IG.SF 65;05199;INFRALOG SY NON GERE;N;PIECE;68
79561567;V;VENTILATEUR RBC ALSTOM;05410;IG.SF 65;05199;INFRALOG SY NON GERE;N;PIECE;68
79561569;V;VENTILATEUR SCU RBC ALSTOM;05410;IG.SF 65;05199;INFRALOG SY NON GERE;N;PIECE;68
79561570;V;CLE CONFIG RBC ALSTOM;05410;IG.SF 65;05199;INFRALOG SY NON GERE;N;PIECE;68
79561571;V;ARMOIRE GEST ALSTOM;05410;IG.SF 65;05199;INFRALOG SY NON GERE;N;PIECE;68
79561572;V;ALIMENTATION 24V GEST;05410;IG.SF 65;05199;INFRALOG SY NON GERE;N;PIECE;68
79561573;V;SERVEUR GEST;05410;IG.SF 65;05199;INFRALOG SY NON GERE;N;PIECE;68
79561575;V;STATION DE TRAVAIL PO GEST;05410;IG.SF 65;05199;INFRALOG SY NON GERE;N;PIECE;68
79561576;V;ARMOIRE OAM ALSTOM;05410;IG.SF 65;05199;INFRALOG SY NON GERE;N;PIECE;68
79561577;V;SERVEUR OAM/DBOAM ALSTOM;05410;IG.SF 65;05199;INFRALOG SY NON GERE;N;PIECE;68
79561578;V;CONSOLE KVM ALSTOM;05410;IG.SF 65;05199;INFRALOG SY NON GERE;N;PIECE;68
79561579;V;SWITCH KVM ALSTOM;05410;IG.SF 65;05199;INFRALOG SY NON GERE;N;PIECE;68
79561580;V;PO KMS ALSTOM;05410;IG.SF 65;05199;INFRALOG SY NON GERE;N;PIECE;68
79561581;V;SERVEUR KMC ALSTOM;05410;IG.SF 65;05199;INFRALOG SY NON GERE;N;PIECE;68
79561582;V;SERVEUR HSM ALSTOM;05410;IG.SF 65;05199;INFRALOG SY NON GERE;N;PIECE;68
79561583;V;VENTILATION ARMOIRE OAM ALSTOM;05410;IG.SF 65;05199;INFRALOG SY NON GERE;N;PIECE;68
79561584;V;VPN SN910 ALSTOM;05410;IG.SF 65;05199;INFRALOG SY NON GERE;N;UNITE;68
79561585;V;ARMOIRE MIXTE ALSTOM;05410;IG.SF 65;05199;INFRALOG SY NON GERE;N;PIECE;68
79561588;V;CLE USB GEST;05410;IG.SF 65;05199;INFRALOG SY NON GERE;N;PIECE;68
79561589;V;SERVEUR PKI ALSTOM;05410;IG.SF 65;05199;INFRALOG SY NON GERE;N;PIECE;68
79561590;V;PO OAM ALSTOM LGV+;05410;IG.SF 65;05199;INFRALOG SY NON GERE;N;PIECE;68
79561621;V;COMMUTATEUR RESEAU REV2 MNG;05410;IG.SF 65;05199;INFRALOG SY NON GERE;N;PIECE;68
79561622;V;IMPRIMANTE COULEUR LASER - MNG;05410;IG.SF 65;05199;INFRALOG SY NON GERE;N;PIECE;68
79561623;V;REGE - BOITIER TC DEPORT ADDER;05410;IG.SF 65;05199;INFRALOG SY NON GERE;N;PIECE;68
79565000;V;BAIE D ENTREES/SORTIES(TVM430);05410;IG.SF 65;05199;INFRALOG SY NON GERE;N;PIECE;68
79565001;V;BAIE DE TRAITEMENT (TVM 430);05410;IG.SF 65;05199;INFRALOG SY NON GERE;N;PIECE;68
79565029;V;PANIER PARM (TVM430);05410;IG.SF 65;05199;INFRALOG SY NON GERE;N;PIECE;68
79565038;V;CARTE UNITE CENT.ETEND.TVM 430;05410;IG.SF 65;05199;INFRALOG SY NON GERE;N;PIECE;68
79565041;V;BOUCHON CODAGE TVM 430 BCH PC1;05410;IG.SF 65;05199;INFRALOG SY NON GERE;N;PIECE;68
79565042;V;BOUCHON CODAGE TVM 430 BCH PC2;05410;IG.SF 65;05199;INFRALOG SY NON GERE;N;PIECE;68
79565043;V;BOUCHON CODAGE TVM 430 BCH PC3;05410;IG.SF 65;05199;INFRALOG SY NON GERE;N;PIECE;68
79565044;V;BOUCHON CODAGE TVM 430 BCH PC4;05410;IG.SF 65;05199;INFRALOG SY NON GERE;N;PIECE;68
79565047;V;BOUCHON CODAGE TVM 430 BCH PC7;05410;IG.SF 65;05199;INFRALOG SY NON GERE;N;PIECE;68
79565052;V;BOUCHON CODAGE TVM430 BCH PC12;05410;IG.SF 65;05199;INFRALOG SY NON GERE;N;PIECE;68
79565100;V;BAIE POUR SEI;05410;IG.SF 65;05199;INFRALOG SY NON GERE;N;PIECE;68
79565142;V;CORDON FIBRE OPTIQUE GM.CFOG;05410;IG.SF 65;05199;INFRALOG SY NON GERE;N;PIECE;68
79565143;V;CORDON LIAI.PAP.PIP5M CAPIP5;05410;IG.SF 65;05199;INFRALOG SY NON GERE;N;PIECE;68
79565144;V;CORDON LIAI.PAP-PIP10M CAPIP10;05410;IG.SF 65;05199;INFRALOG SY NON GERE;N;PIECE;68
79565145;V;CORDON LIAI.PAP.PIP15M.CAPIP15;05410;IG.SF 65;05199;INFRALOG SY NON GERE;N;PIECE;68
79565146;V;CORDON LIAI.PAP.PIP20M.CAPIP20;05410;IG.SF 65;05199;INFRALOG SY NON GERE;N;PIECE;68
79565150;V;CORDON LIAI.PIP-PIV20M CIPIV20;05410;IG.SF 65;05199;INFRALOG SY NON GERE;N;PIECE;68
79565151;V;CORDON LIAIS.PIP-PEP5M.CIPEP5;05410;IG.SF 65;05199;INFRALOG SY NON GERE;N;PIECE;68
79565152;V;CORDON LIAI.PIP-PEP10M.CIPEP10;05410;IG.SF 65;05199;INFRALOG SY NON GERE;N;PIECE;68
79565153;V;CORDON LIAI.PIP-PEP15M.CIPEP15;05410;IG.SF 65;05199;INFRALOG SY NON GERE;N;PIECE;68
79565171;V;KVM BAL DIGITAL;05410;IG.SF 65;05199;INFRALOG SY NON GERE;N;PIECE;68
79565173;V;BAIE - SEI 2006;05410;IG.SF 65;05192;INFRALOG SE1;N;PIECE;68
79565175;V;SWITCH-24V SEI 2006;05410;IG.SF 65;05192;INFRALOG SE1;N;PIECE;68
79565176;V;PANIER PAP-CSD;05410;IG.SF 65;05192;INFRALOG SE1;N;PIECE;68
79565177;V;TT SEI2006;05410;IG.SF 65;05199;INFRALOG SY NON GERE;N;PIECE;68
79565178;V;PANIER PVF2;05410;IG.SF 65;05192;INFRALOG SE1;N;PIECE;68
79565179;V;PANIER PES2-FILTRE;05410;IG.SF 65;05192;INFRALOG SE1;N;PIECE;68
79565180;V;CARTE CCS3;05410;IG.SF 65;05192;INFRALOG SE1;N;PIECE;68
79565181;V;CARTE CME + BKP;05410;IG.SF 65;05192;INFRALOG SE1;N;PIECE;68
79565182;V;BCH-AE;05410;IG.SF 65;05202;INFRALOG SE4;N;PIECE;68
79565183;V;CARTE CIER2;05410;IG.SF 65;05192;INFRALOG SE1;N;PIECE;68
79565184;V;CARTE CCS/CVO-06;05410;IG.SF 65;05192;INFRALOG SE1;N;PIECE;68
79565185;V;CARTE CALS-06;05410;IG.SF 65;05192;INFRALOG SE1;N;PIECE;68
79565186;V;MODULE MTOR2;05410;IG.SF 65;05192;INFRALOG SE1;N;PIECE;68
79565187;V;CARTE CRCD;05410;IG.SF 65;05192;INFRALOG SE1;N;PIECE;68
79565188;V;CARTE CALM2;05410;IG.SF 65;05192;INFRALOG SE1;N;PIECE;68
79565189;V;BOUCHON BCH-AED;05410;IG.SF 65;05192;INFRALOG SE1;N;PIECE;68
79565190;V;CORDON C24 SH 2,5M;05410;IG.SF 65;05192;INFRALOG SE1;N;PIECE;68
79565191;V;CORDON C24 SH 25M;05410;IG.SF 65;05192;INFRALOG SE1;N;PIECE;68
79565200;V;BOITIER COMMUTATEUR ADB;05410;IG.SF 65;05199;INFRALOG SY NON GERE;N;PIECE;68
79565201;V;RACK VENTILATION;05410;IG.SF 65;05199;INFRALOG SY NON GERE;N;PIECE;68
79565202;V;SWITCH ETHERNET INTERNET;05410;IG.SF 65;05199;INFRALOG SY NON GERE;N;PIECE;68
79565203;V;ALIM.  24V SWITCH/FRONTAL;05410;IG.SF 65;05199;INFRALOG SY NON GERE;N;PIECE;68
79565204;V;UT MAITRE GRANDE CAPACITE;05410;IG.SF 65;05199;INFRALOG SY NON GERE;N;PIECE;68
79565205;V;UT MAITRE STANDARD;05410;IG.SF 65;05199;INFRALOG SY NON GERE;N;PIECE;68
79565206;V;UT ESCLAVE STANDARD;05410;IG.SF 65;05199;INFRALOG SY NON GERE;N;PIECE;68
79565207;V;UT MAITRE MESD;05410;IG.SF 65;05199;INFRALOG SY NON GERE;N;PIECE;68
79565209;V;UT ESCLAVE GRANDE CAPACITE;05410;IG.SF 65;05199;INFRALOG SY NON GERE;N;PIECE;68
79565210;V;UT ESCLAVE MESD;05410;IG.SF 65;05199;INFRALOG SY NON GERE;N;PIECE;68
79565211;V;CABLE POUR 41 PTS - SDES;05410;IG.SF 65;05199;INFRALOG SY NON GERE;N;PIECE;68
79565212;V;RACK FRONTAL;05410;IG.SF 65;05199;INFRALOG SY NON GERE;N;PIECE;68
79565220;V;MODULE SN-R4-4ANA-6;05410;IG.SF 65;05199;INFRALOG SY NON GERE;N;PIECE;68
79565221;V;MODULE SN-R4-4ANA-7;05410;IG.SF 65;05199;INFRALOG SY NON GERE;N;PIECE;68
79565222;V;MODULE SN-R4-4ANA-8;05410;IG.SF 65;05199;INFRALOG SY NON GERE;N;PIECE;68
79565223;V;MODULE SN-R4-4ANA-9;05410;IG.SF 65;05199;INFRALOG SY NON GERE;N;PIECE;68
79565224;V;MODULE SN-R4-4S2ANA-3;05410;IG.SF 65;05199;INFRALOG SY NON GERE;N;PIECE;68
79565225;V;MODULE SN-R4-CANA-3;05410;IG.SF 65;05199;INFRALOG SY NON GERE;N;PIECE;68
79565238;V;MODULE CLF PSE;05410;IG.SF 65;05199;INFRALOG SY NON GERE;N;PIECE;68
79565239;V;MODULE CLF ATL 17-20-23;05410;IG.SF 65;05199;INFRALOG SY NON GERE;N;PIECE;68
79565240;V;MODULE CLF ATL 26;05410;IG.SF 65;05199;INFRALOG SY NON GERE;N;PIECE;68
79565241;V;CARTE CEC1/P17 (1700HZ);05410;IG.SF 65;05199;INFRALOG SY NON GERE;N;PIECE;68
79565242;V;CARTE CEC1/P20 (2000HZ);05410;IG.SF 65;05199;INFRALOG SY NON GERE;N;PIECE;68
79565243;V;CARTE CEC1/P23 (2300HZ);05410;IG.SF 65;05199;INFRALOG SY NON GERE;N;PIECE;68
79565244;V;CARTE CEC1/P26 (2600HZ);05410;IG.SF 65;05199;INFRALOG SY NON GERE;N;PIECE;68
79565245;V;BLOC SEI CRR1/P17;05410;IG.SF 65;05194;INFRALOG SE2;N;PIECE;68
79565246;V;BLOC SEI CRR1/P20;05410;IG.SF 65;05199;INFRALOG SY NON GERE;N;PIECE;68
79565247;V;BLOC SEI CRR1/P23;05410;IG.SF 65;05199;INFRALOG SY NON GERE;N;PIECE;68
79565248;V;BLOC SEI CRR1/P26;05410;IG.SF 65;05199;INFRALOG SY NON GERE;N;PIECE;68
79565249;V;CARTE CLIP+;05410;IG.SF 65;05199;INFRALOG SY NON GERE;N;PIECE;68
79565250;V;SWITCH 8 PORTS BAP+;05410;IG.SF 65;05199;INFRALOG SY NON GERE;N;PIECE;68
79565251;V;CORDON SEI CIPIV 12;05410;IG.SF 65;05199;INFRALOG SY NON GERE;N;PIECE;68
79565252;V;CORDON SEI CIPIV 17;05410;IG.SF 65;05199;INFRALOG SY NON GERE;N;PIECE;68
79565253;V;PANIER CABLE PAP DIVA+;05410;IG.SF 65;05199;INFRALOG SY NON GERE;N;PIECE;68
79565254;V;MODULE DJ-FLT;05410;IG.SF 65;05199;INFRALOG SY NON GERE;N;PIECE;68
79565255;V;CCTE+ SOL MODULE;05410;IG.SF 65;05199;INFRALOG SY NON GERE;N;PIECE;68
79565256;V;PANIER PIP+ CABLE;05410;IG.SF 65;05199;INFRALOG SY NON GERE;N;PIECE;68
79565259;V;MODULE EXTENSION SWITCH 8-PORT;05410;IG.SF 65;05199;INFRALOG SY NON GERE;N;PIECE;68
79565260;V;ROUTEUR BAP+ PROGRAMME;05410;IG.SF 65;05199;INFRALOG SY NON GERE;N;PIECE;68
79565268;V;ENSEMBLE 01-CONV-24;05410;IG.SF 65;05199;INFRALOG SY NON GERE;N;PIECE;68
79565269;V;CONVERTISSEUR 24/24V RAIL G;05410;IG.SF 65;05199;INFRALOG SY NON GERE;N;PIECE;68
79565270;V;PM UMS POUR INSTALL SUR RAIL G;05410;IG.SF 65;05199;INFRALOG SY NON GERE;N;PIECE;68
79565271;V;ADAPTATEUR RAIL G PM ITE/UMS;05410;IG.SF 65;05199;INFRALOG SY NON GERE;N;PIECE;68
79565273;V;BANC DE TELECHARGEMENT HITACHI;05410;IG.SF 65;05199;INFRALOG SY NON GERE;N;PIECE;68
79565274;V;PC BAIE SILAM+;05410;IG.SF 65;05199;INFRALOG SY NON GERE;N;PIECE;68
79565276;V;SERVEUR SICAM+;05410;IG.SF 65;05199;INFRALOG SY NON GERE;N;PIECE;68
79565277;V;KVM 8 PORTS;05410;IG.SF 65;05199;INFRALOG SY NON GERE;N;PIECE;68
79565278;V;"BANC TEST SEI+ - ""STRU""";05410;IG.SF 65;05199;INFRALOG SY NON GERE;N;PIECE;68
79565279;V;MODULE BDT SEI+ RMST;05410;IG.SF 65;05199;INFRALOG SY NON GERE;N;PIECE;68
79565280;V;MODULE BDT SEI+ RVENT;05410;IG.SF 65;05199;INFRALOG SY NON GERE;N;PIECE;68
79565281;V;MODULE BDT SEI+ RVOY;05410;IG.SF 65;05199;INFRALOG SY NON GERE;N;PIECE;68
79565282;V;MODULE BDT SEI+ RTEST;05410;IG.SF 65;05199;INFRALOG SY NON GERE;N;PIECE;68
79565283;V;MODULE BDT SEI+ RPC;05410;IG.SF 65;05199;INFRALOG SY NON GERE;N;PIECE;68
79565285;V;CABLE RS232 DB9 BANC-TEL;05410;IG.SF 65;05199;INFRALOG SY NON GERE;N;PIECE;68
79565288;V;BANC TELECH SEI2006;05410;IG.SF 65;05202;INFRALOG SE4;N;PIECE;68
79565290;V;MODULE RECEPTEUR- MISTRAL NG;05410;IG.SF 65;05199;INFRALOG SY NON GERE;N;PIECE;68
79565291;V;BAIE 27U - MISTRAL NG;05410;IG.SF 65;05199;INFRALOG SY NON GERE;N;PIECE;68
79565292;V;CORDON SEI CIPIV 7;05410;IG.SF 65;05194;INFRALOG SE2;N;PIECE;68
79565293;V;ECRAN PO;05410;IG.SF 65;05199;INFRALOG SY NON GERE;N;PIECE;68
79565297;V;BOITIER SCOOP - MISTRAL NG;05410;IG.SF 65;05199;INFRALOG SY NON GERE;N;PIECE;68
79565349;V;VALISE SIAM;05410;IG.SF 65;05199;INFRALOG SY NON GERE;N;PIECE;68
79565350;V;UC PO REGE. INDUS. 4 VOIES NUM;05410;IG.SF 65;05199;INFRALOG SY NON GERE;N;PIECE;68
79565351;V;UC PO REGE. INDUS. 8 VOIES NUM;05410;IG.SF 65;05199;INFRALOG SY NON GERE;N;PIECE;68
79565352;V;UC PO REGE. INDUS. 9 VOIES NUM;05410;IG.SF 65;05199;INFRALOG SY NON GERE;N;PIECE;68
79565353;V;COMMUTATEUR 4 VOIES REGE.;05410;IG.SF 65;05199;INFRALOG SY NON GERE;N;PIECE;68
79565354;V;COMMUTATEUR 8 VOIES REGE.;05410;IG.SF 65;05199;INFRALOG SY NON GERE;N;PIECE;68
79565355;V;COMMUTATEUR 9 VOIES REGE.;05410;IG.SF 65;05199;INFRALOG SY NON GERE;N;PIECE;68
79565356;V;DEPORT VIDEO MCO 9 VOIES EMET.;05410;IG.SF 65;05199;INFRALOG SY NON GERE;N;PIECE;68
79565357;V;DEPORT VIDEO MCO 9 VOIES RECEP;05410;IG.SF 65;05199;INFRALOG SY NON GERE;N;PIECE;68
79590993;V;SDES RACK 6U POUR BE OU MO;05410;IG.SF 65;05199;INFRALOG SY NON GERE;N;PIECE;68
79620165;V;BLOC STANDARD 10 ELEM.VR-7 AH;05410;IG.SF 65;05199;INFRALOG SY NON GERE;N;PIECE;68
79620192;V;ACCUMULATEUR POUR KIT SOLAIRE;05410;IG.SF 65;05199;INFRALOG SY NON GERE;N;PIECE;68
79630097;V;TUBE CHLOR.POLYVINYL.105,4X110;33713;IG TL-ST;05199;INFRALOG SY NON GERE;N;METRE;68
79631069;V;LANGUETTE ARRETOIR;05410;IG.SF 65;05199;INFRALOG SY NON GERE;N;PIECE;68
79631093;V;MEDAILLON DE REPERAGE-JAUNE;05410;IG.SF 65;05199;INFRALOG SY NON GERE;N;PIECE;68
79631094;V;MEDAILLON DE REPERAGE-VERT;05410;IG.SF 65;05199;INFRALOG SY NON GERE;N;PIECE;68
79631095;V;MEDAILLON DE REPERAGE-BLEU;05410;IG.SF 65;05199;INFRALOG SY NON GERE;N;PIECE;68
79631160;V;TRAPPE UNIFIEE OL-119-178 250K;33713;IG TL-ST;05199;INFRALOG SY NON GERE;N;PIECE;68
79631180;V;TU VERROUILLEE OL 54X52 B125;33713;IG TL-ST;05199;INFRALOG SY NON GERE;N;PIECE;68
79631243;V;BOUCHON D'OBTURATION TU.DE 110;33713;IG TL-ST;05199;INFRALOG SY NON GERE;N;PIECE;68
79631277;V;BORNE REPERAGE AVEC PLAQUE;33713;IG TL-ST;05199;INFRALOG SY NON GERE;N;PIECE;68
79631333;V;TUBE EN PVC ANNELE DIAM.90 MM;33713;IG TL-ST;05199;INFRALOG SY NON GERE;N;METRE;68
79631363;V;BORNE REPERAGE SANS PLAQUE;33713;IG TL-ST;05199;INFRALOG SY NON GERE;N;PIECE;68
79631907;V;ELEMENT DE PUISSANCE PAS DE 35;05410;IG.SF 65;05199;INFRALOG SY NON GERE;N;SACHET;68
79631910;V;TU VERROUILLEE OL 119X52 B125;33713;IG TL-ST;05199;INFRALOG SY NON GERE;N;PIECE;68
79631911;V;TU VERROUILLEE OL119X115 B125;33713;IG TL-ST;05199;INFRALOG SY NON GERE;N;PIECE;68
79631912;V;TU VERROUILLEE OL119X178 B125;33713;IG TL-ST;05199;INFRALOG SY NON GERE;N;PIECE;68
79631913;V;TU VERROUILLEE OL119X241 B125;33713;IG TL-ST;05199;INFRALOG SY NON GERE;N;PIECE;68
79631914;V;TU VERROUILLEE OL119X304 B125;33713;IG TL-ST;05199;INFRALOG SY NON GERE;N;PIECE;68
79631915;V;TAMPON VERROUILLE 65X63 B125;33713;IG TL-ST;05199;INFRALOG SY NON GERE;N;PIECE;68
79631916;V;TU VERROUILEE OL 54X52 C250;33713;IG TL-ST;05199;INFRALOG SY NON GERE;N;PIECE;68
79631917;V;TU VERROUILLEE OL119X52 C250;33713;IG TL-ST;05199;INFRALOG SY NON GERE;N;PIECE;68
79631918;V;TU VERROUILLEE OL 119X115 C250;33713;IG TL-ST;05199;INFRALOG SY NON GERE;N;PIECE;68
79631919;V;TU VERROUILLEE OL 119X178 C250;33713;IG TL-ST;05199;INFRALOG SY NON GERE;N;PIECE;68
79631920;V;TU VERROUILLEE OL 119X241 C250;33713;IG TL-ST;05199;INFRALOG SY NON GERE;N;PIECE;68
79631921;V;TU VERROUILLEE OL 119X304 C250;33713;IG TL-ST;05199;INFRALOG SY NON GERE;N;PIECE;68
79631922;V;TAMPON VERROUILLE 65X63 C250;33713;IG TL-ST;05199;INFRALOG SY NON GERE;N;PIECE;68
79631923;V;GRILLE PROTECTION TU 119X115;33713;IG TL-ST;05199;INFRALOG SY NON GERE;N;PIECE;68
79631924;V;GRILLE PROTECTION TU 119X178;33713;IG TL-ST;05199;INFRALOG SY NON GERE;N;PIECE;68
79631925;V;GRILLE PROTECTION TU 119X241;33713;IG TL-ST;05199;INFRALOG SY NON GERE;N;PIECE;68
79631926;V;GRILLE PROTECTION TU OL119X304;33713;IG TL-ST;05199;INFRALOG SY NON GERE;N;PIECE;68
79631927;V;PAIRE DE LEVE PLAQUE POUR TU;33713;IG TL-ST;05199;INFRALOG SY NON GERE;N;PIECE;68
79631928;V;UNE CLE DE VERROUILLAGE (TU);33713;IG TL-ST;05199;INFRALOG SY NON GERE;N;PIECE;68
79705057;V;CTFU RACK VENTILATEUR ARMOIRE;33714;IG TL-TF;05199;INFRALOG SY NON GERE;N;UNITE;68
79705058;V;CTFU RACK 1U TEST&COUPURE 32P;33714;IG TL-TF;05199;INFRALOG SY NON GERE;N;UNITE;68
79705061;V;CTFU COUPE CIRCUIT PUPITRE;33714;IG TL-TF;05199;INFRALOG SY NON GERE;N;UNITE;68
79705070;V;CTFU CARTE RACCORD. LIGNES CAD;33714;IG TL-TF;05199;INFRALOG SY NON GERE;N;UNITE;68
79705071;V;CTFU - VOYANTS CERISE;33714;IG TL-TF;05199;INFRALOG SY NON GERE;N;PIECE;68
79705075;V;CTFU COMBINE DECT SANS FIL;33714;IG TL-TF;05199;INFRALOG SY NON GERE;N;PIECE;68
79705076;V;CTFU CASQUE RADIO;33714;IG TL-TF;05199;INFRALOG SY NON GERE;N;PIECE;68
79705077;V;CTFU LOT 5 CLEFS MAINTENANCE;33714;IG TL-TF;05199;INFRALOG SY NON GERE;N;PIECE;68
79705082;V;CTFU CABLE BINDER ALIM 3 METRE;33714;IG TL-TF;05199;INFRALOG SY NON GERE;N;UNITE;68
79705083;V;CTFU CABLE ETHERNET 6 M;33714;IG TL-TF;05199;INFRALOG SY NON GERE;N;UNITE;68
79705084;V;CTFU CABLE ETHERNET 10 M;33714;IG TL-TF;05199;INFRALOG SY NON GERE;N;UNITE;68
79705085;V;CTFU CABLE ETHERNET 15 M;33714;IG TL-TF;05199;INFRALOG SY NON GERE;N;UNITE;68
79705086;V;CTFU CABLE ETHERNET 20 M;33714;IG TL-TF;05199;INFRALOG SY NON GERE;N;UNITE;68
79705087;V;CTFU CABLE ETHERNET 30 M;33714;IG TL-TF;05199;INFRALOG SY NON GERE;N;UNITE;68
79705088;V;CTFU CABLE PHONIE 6 M;33714;IG TL-TF;05199;INFRALOG SY NON GERE;N;UNITE;68
79705089;V;CTFU CABLE PHONIE 10 M;33714;IG TL-TF;05199;INFRALOG SY NON GERE;N;UNITE;68
79705090;V;CTFU CABLE PHONIE 15 M;33714;IG TL-TF;05199;INFRALOG SY NON GERE;N;UNITE;68
79705091;V;CTFU CABLE PHONIE 20 M;33714;IG TL-TF;05199;INFRALOG SY NON GERE;N;UNITE;68
79705092;V;CTFU CABLE PHONIE 30 M;33714;IG TL-TF;05199;INFRALOG SY NON GERE;N;UNITE;68
79705101;V;CTFU CASQUE FILAIRE;33714;IG TL-TF;05199;INFRALOG SY NON GERE;N;UNITE;68
79705107;V;CTFU FUSIBLES POUR COUPE CIRC.;33714;IG TL-TF;05199;INFRALOG SY NON GERE;N;UNITE;68
79705108;V;CTFU CORDONS DE RACCORD JAUNES;33714;IG TL-TF;05199;INFRALOG SY NON GERE;N;UNITE;68
79705109;V;CTFU CORDONS DE RACCORD. VERT;33714;IG TL-TF;05199;INFRALOG SY NON GERE;N;UNITE;68
79705110;V;CTFU CARTE PROLONGATEUR 6U;33714;IG TL-TF;05199;INFRALOG SY NON GERE;N;UNITE;68
79705116;V;CTFU SUPPORT MODEM ARMOIRE;33714;IG TL-TF;05199;INFRALOG SY NON GERE;N;UNITE;68
79705129;V;KIT RETROTIF VENT PUP CAPA831;33714;IG TL-TF;05199;INFRALOG SY NON GERE;N;PIECE;68
79705130;V;KITS RET VENT PUP CPU SBC84700;33714;IG TL-TF;05199;INFRALOG SY NON GERE;N;PIECE;68
79705131;V;KIT 1 VENTIL CAISSON VENTIL;33714;IG TL-TF;05199;INFRALOG SY NON GERE;N;PIECE;68
79705132;V;LOT 5 KITS MAIN.VENT 6UCAPA831;33714;IG TL-TF;05199;INFRALOG SY NON GERE;N;PIECE;68
79705133;V;LOT  5 KIT MAINT VENT SBC84700;33714;IG TL-TF;05199;INFRALOG SY NON GERE;N;PIECE;68
79780960;V;VIS CHASSIS PORTAGE MECANICIEN;33711;IG TL-RE;05199;INFRALOG SY NON GERE;N;PIECE;68
79780968;V;CABLE HP EXTERNE SUPPOR UNIFIE;33711;IG TL-RE;05199;INFRALOG SY NON GERE;N;PIECE;68
79781032;V;CABLE ALIM EXTERNE/SUPPORT U;33711;IG TL-RE;05199;INFRALOG SY NON GERE;N;PIECE;68
79800062;V;PANONCEAU DEF.ABS.TOUCH.214201;05460;DTII TE CE CAT;05199;INFRALOG SY NON GERE;N;PIECE;68
79800072;V;LANTERNE FACE ROUGE (AGRES PN);05410;IG.SF 65;05199;INFRALOG SY NON GERE;N;PIECE;68
79800073;V;LAMPE FRONTALE 3V (AGRES PN);05410;IG.SF 65;05199;INFRALOG SY NON GERE;N;PIECE;68
82100145;V;CLEARNOX - (DIAXOL);47026;EIV QUERCY CORREZ BA;05199;INFRALOG SY NON GERE;N;LITRE;68
98170041;V;C_CO31_100UF40V_SIC;11066;EIV LES LAUMES (BE);05199;INFRALOG SY NON GERE;N;PIECE;68
98232071;V;DIODE 0,1A_1N4148-PHILIPS;11066;EIV LES LAUMES (BE);05199;INFRALOG SY NON GERE;N;PIECE;68
98232825;V;TRANSISTOR_2N2222A_THOMSON;11066;EIV LES LAUMES (BE);05199;INFRALOG SY NON GERE;N;PIECE;68
98232826;V;TRAN_0.5W PNP_TO18_2N2907A_THO;11066;EIV LES LAUMES (BE);05199;INFRALOG SY NON GERE;N;PIECE;68
